"","x","y","land_perc","temp","prec","grad","fore","diversity","diversity_PASS","active","upper","lower","right","left","upper_left","upper_right","lower_left","lower_right"
"1",-2302033.12519051,3062202.34687399,NA,NA,NA,NA,NA,NA,NA,0,0,0,0,0,0,0,0,0
"2",-2199627.52742533,3062202.34687399,NA,NA,NA,NA,NA,NA,NA,0,0,0,0,0,0,0,0,0
"3",-2097221.92966015,3062202.34687399,0.533839892345641,282.641482513283,39.5859420028449,107.761595900466,4082042.75698529,0.654867256637168,0.598425196850394,1,0,1,1,0,0,0,0,1
"4",-1994816.33189497,3062202.34687399,0.538534642643403,283.12576248552,16.5598501928232,80.2576931862634,2318846.41441808,0.783185840707965,0.716535433070866,1,0,1,1,1,0,0,1,1
"5",-1892410.73412979,3062202.34687399,0.909022083777247,280.19874682769,31.7680637306676,208.774853470024,3446126.6677199,0.774336283185841,0.771653543307087,1,0,1,1,1,0,0,1,1
"6",-1790005.13636461,3062202.34687399,0.77455606229972,279.001475768011,10.7108267373909,160.536945250783,1679587.38742512,0.964601769911504,0.834645669291339,1,0,1,1,1,0,0,1,1
"7",-1687599.53859943,3062202.34687399,0.648095525379288,280.606703636787,6.14480722220743,109.500708880255,964478.831775212,0.867256637168142,0.78740157480315,1,0,1,1,1,0,0,1,1
"8",-1585193.94083425,3062202.34687399,0.529511222069432,279.684251648399,10.976412679248,147.798316831895,1659970.67025648,0.783185840707965,0.779527559055118,1,0,1,1,1,0,0,1,1
"9",-1482788.34306906,3062202.34687399,0.418719245511257,278.502435738377,13.0491327641812,170.178682633376,1538156.66241077,0.663716814159292,0.669291338582677,1,0,1,1,1,0,0,1,1
"10",-1380382.74530388,3062202.34687399,0.31565525590233,277.191395517912,12.6621924174835,158.506237993197,1344016.00900622,0.654867256637168,0.748031496062992,1,0,1,1,1,0,0,1,1
"11",-1277977.1475387,3062202.34687399,0.220253377137214,276.813151801589,12.6149672479114,50.6942192493919,280632.118143769,0.81858407079646,0.811023622047244,1,0,1,0,1,0,0,1,1
"12",-1175571.54977352,3062202.34687399,NA,NA,NA,NA,NA,NA,NA,0,0,0,0,0,0,0,0,0
"13",-1073165.95200834,3062202.34687399,NA,NA,NA,NA,NA,NA,NA,0,0,0,0,0,0,0,0,0
"14",-970760.354243158,3062202.34687399,NA,NA,NA,NA,NA,NA,NA,0,0,0,0,0,0,0,0,0
"15",-868354.756477977,3062202.34687399,NA,NA,NA,NA,NA,NA,NA,0,0,0,0,0,0,0,0,0
"16",-765949.158712796,3062202.34687399,NA,NA,NA,NA,NA,NA,NA,0,0,0,0,0,0,0,0,0
"17",-663543.560947615,3062202.34687399,NA,NA,NA,NA,NA,NA,NA,0,0,0,0,0,0,0,0,0
"18",-561137.963182434,3062202.34687399,NA,NA,NA,NA,NA,NA,NA,0,0,0,0,0,0,0,0,0
"19",-458732.365417253,3062202.34687399,NA,NA,NA,NA,NA,NA,NA,0,0,0,0,0,0,0,0,0
"20",-356326.767652072,3062202.34687399,NA,NA,NA,NA,NA,NA,NA,0,0,0,0,0,0,0,0,0
"21",-253921.16988689,3062202.34687399,NA,NA,NA,NA,NA,NA,NA,0,0,0,0,0,0,0,0,0
"22",-151515.57212171,3062202.34687399,NA,NA,NA,NA,NA,NA,NA,0,0,0,0,0,0,0,0,0
"23",-49109.9743565284,3062202.34687399,NA,NA,NA,NA,NA,NA,NA,0,0,0,0,0,0,0,0,0
"24",53295.6234086528,3062202.34687399,NA,NA,NA,NA,NA,NA,NA,0,0,0,0,0,0,0,0,0
"25",155701.221173834,3062202.34687399,NA,NA,NA,NA,NA,NA,NA,0,0,0,0,0,0,0,0,0
"26",258106.818939015,3062202.34687399,NA,NA,NA,NA,NA,NA,NA,0,0,0,0,0,0,0,0,0
"27",360512.416704196,3062202.34687399,NA,NA,NA,NA,NA,NA,NA,0,0,0,0,0,0,0,0,0
"28",462918.014469377,3062202.34687399,NA,NA,NA,NA,NA,NA,NA,0,0,0,0,0,0,0,0,0
"29",565323.612234558,3062202.34687399,NA,NA,NA,NA,NA,NA,NA,0,0,0,0,0,0,0,0,0
"30",667729.20999974,3062202.34687399,NA,NA,NA,NA,NA,NA,NA,0,0,0,0,0,0,0,0,0
"31",770134.80776492,3062202.34687399,NA,NA,NA,NA,NA,NA,NA,0,0,0,0,0,0,0,0,0
"32",872540.405530102,3062202.34687399,NA,NA,NA,NA,NA,NA,NA,0,0,0,0,0,0,0,0,0
"33",974946.003295283,3062202.34687399,NA,NA,NA,NA,NA,NA,NA,0,0,0,0,0,0,0,0,0
"34",1077351.60106046,3062202.34687399,NA,NA,NA,NA,NA,NA,NA,0,0,0,0,0,0,0,0,0
"35",1179757.19882564,3062202.34687399,NA,NA,NA,NA,NA,NA,NA,0,0,0,0,0,0,0,0,0
"36",1282162.79659083,3062202.34687399,NA,NA,NA,NA,NA,NA,NA,0,0,0,0,0,0,0,0,0
"37",1384568.39435601,3062202.34687399,NA,NA,NA,NA,NA,NA,NA,0,0,0,0,0,0,0,0,0
"38",1486973.99212119,3062202.34687399,NA,NA,NA,NA,NA,NA,NA,0,0,0,0,0,0,0,0,0
"39",1589379.58988637,3062202.34687399,NA,NA,NA,NA,NA,NA,NA,0,0,0,0,0,0,0,0,0
"40",1691785.18765155,3062202.34687399,NA,NA,NA,NA,NA,NA,NA,0,0,0,0,0,0,0,0,0
"41",1794190.78541673,3062202.34687399,NA,NA,NA,NA,NA,NA,NA,0,0,0,0,0,0,0,0,0
"42",1896596.38318191,3062202.34687399,NA,NA,NA,NA,NA,NA,NA,0,0,0,0,0,0,0,0,0
"43",1999001.98094709,3062202.34687399,NA,NA,NA,NA,NA,NA,NA,0,0,0,0,0,0,0,0,0
"44",2101407.57871227,3062202.34687399,NA,NA,NA,NA,NA,NA,NA,0,0,0,0,0,0,0,0,0
"45",2203813.17647746,3062202.34687399,NA,NA,NA,NA,NA,NA,NA,0,0,0,0,0,0,0,0,0
"46",-2302033.12519051,2855868.3987598,NA,NA,NA,NA,NA,NA,NA,0,0,0,0,0,0,0,0,0
"47",-2199627.52742533,2855868.3987598,NA,NA,NA,NA,NA,NA,NA,0,0,0,0,0,0,0,0,0
"48",-2097221.92966015,2855868.3987598,0.880208604446304,283.635488115148,27.2302328562077,61.8037008548431,2220691.00885229,0.738938053097345,0.692913385826772,1,1,1,1,0,0,1,1,1
"49",-1994816.33189497,2855868.3987598,1,281.941295154825,26.1087189943512,107.042561950311,2884243.30703445,0.836283185840708,0.84251968503937,1,1,1,1,1,1,1,1,1
"50",-1892410.73412979,2855868.3987598,1,281.076749156761,10.769695555378,90.0458760974165,1466768.67008855,0.911504424778761,0.834645669291339,1,1,1,1,1,1,1,1,1
"51",-1790005.13636461,2855868.3987598,1,283.583440984533,3.4009118121096,34.8524713990646,63610.2680556782,0.632743362831858,0.480314960629921,1,1,1,1,1,1,1,1,1
"52",-1687599.53859943,2855868.3987598,1,282.757653498462,5.49268193676579,35.5008548564264,181839.706957855,0.81858407079646,0.771653543307087,1,1,1,1,1,1,1,1,1
"53",-1585193.94083425,2855868.3987598,1,281.576302119321,9.23203870458809,59.7306778075155,672591.06280244,0.81858407079646,0.78740157480315,1,1,1,1,1,1,1,1,1
"54",-1482788.34306906,2855868.3987598,1,278.995707227276,15.71897213703,152.033702732425,1738213.738231,0.668141592920354,0.708661417322835,1,1,1,1,1,1,1,1,1
"55",-1380382.74530388,2855868.3987598,1,278.71254498914,9.60872973896486,114.569140049892,1032461.53067549,0.933628318584071,0.84251968503937,1,1,1,1,1,1,1,1,1
"56",-1277977.1475387,2855868.3987598,1,277.021357977596,10.8488973019993,123.955160221363,748629.798445416,0.867256637168142,0.803149606299213,1,1,1,1,1,1,0,1,1
"57",-1175571.54977352,2855868.3987598,1,279.558289090691,4.85734327537819,30.8727979377587,84148.5100760376,0.70353982300885,0.622047244094488,1,0,1,1,1,1,0,1,1
"58",-1073165.95200834,2855868.3987598,1,279.61061153263,5.01731244336968,25.7015377998443,35484.8579396113,0.486725663716814,0.440944881889764,1,0,1,1,1,0,0,1,1
"59",-970760.354243158,2855868.3987598,0.977901849642559,279.533690253137,5.14607994971175,23.8102710607319,20489.0467880881,0.707964601769911,0.669291338582677,1,0,1,1,1,0,0,1,1
"60",-868354.756477977,2855868.3987598,0.91399516039074,279.431434661287,4.76497104609768,17.9145352557222,1104.42529297306,0.68141592920354,0.62992125984252,1,0,1,1,1,0,0,1,1
"61",-765949.158712796,2855868.3987598,0.856001692738316,278.685579508139,4.81325974073482,14.0940167937689,1170.99559202431,0.584070796460177,0.503937007874016,1,0,1,1,1,0,0,1,1
"62",-663543.560947615,2855868.3987598,0.805356789353389,278.562020697859,5.14278046652473,14.7268355988266,1549.15198630776,0.504424778761062,0.496062992125984,1,0,1,1,1,0,0,1,1
"63",-561137.963182434,2855868.3987598,0.762033926774366,277.985480346503,5.59279629232551,11.4929993503754,1345.07247831702,0.668141592920354,0.590551181102362,1,0,1,1,1,0,0,1,1
"64",-458732.365417253,2855868.3987598,0.725996009658864,277.349619834292,6.21906482532245,7.97366601318898,44.2136649561432,0.699115044247788,0.622047244094488,1,0,1,1,1,0,0,1,1
"65",-356326.767652072,2855868.3987598,0.697219608735356,277.262563594436,6.55457339559664,4.69576222172791,18448.6364982893,0.743362831858407,0.677165354330709,1,0,1,1,1,0,0,1,1
"66",-253921.16988689,2855868.3987598,0.675694975412531,276.74813200588,6.93247612608672,5.31495345571614,27468.2745915092,0.63716814159292,0.543307086614173,1,0,1,1,1,0,0,1,1
"67",-151515.57212171,2855868.3987598,0.661424087265175,276.835491955,7.39555135015637,4.18334435459958,17697.3057602875,0.70353982300885,0.598425196850394,1,0,1,1,1,0,0,1,1
"68",-49109.9743565284,2855868.3987598,0.654353629795912,277.018604020546,8.056388802639,1.82189267664509,53512.5901565743,0.752212389380531,0.716535433070866,1,0,1,1,1,0,0,1,1
"69",53295.6234086528,2855868.3987598,0.685308433016587,276.663338943884,8.64468536818948,2.54475111679721,290510.295593472,0.898230088495575,0.913385826771654,1,0,1,1,1,0,0,1,1
"70",155701.221173834,2855868.3987598,0.467346280217508,276.668085612988,9.24048288108029,6.81047984273367,693475.778533887,0.743362831858407,0.795275590551181,1,0,1,1,1,0,0,1,1
"71",258106.818939015,2855868.3987598,0.382479511070519,276.288620656573,9.66153983598084,11.7093314805744,886121.988742592,0.654867256637168,0.732283464566929,1,0,1,1,1,0,0,1,1
"72",360512.416704196,2855868.3987598,0.235923976983302,276.021695034209,10.0100594393571,13.0411802615258,916263.630931155,0.566371681415929,0.692913385826772,1,0,1,1,1,0,0,1,1
"73",462918.014469377,2855868.3987598,0.220517000832391,276.041981919922,10.6999506576882,18.0639705567524,426031.781735925,0.561946902654867,0.661417322834646,1,0,1,0,1,0,0,1,1
"74",565323.612234558,2855868.3987598,NA,NA,NA,NA,NA,NA,NA,0,0,0,0,0,0,0,0,0
"75",667729.20999974,2855868.3987598,NA,NA,NA,NA,NA,NA,NA,0,0,0,0,0,0,0,0,0
"76",770134.80776492,2855868.3987598,NA,NA,NA,NA,NA,NA,NA,0,0,0,0,0,0,0,0,0
"77",872540.405530102,2855868.3987598,NA,NA,NA,NA,NA,NA,NA,0,0,0,0,0,0,0,0,0
"78",974946.003295283,2855868.3987598,NA,NA,NA,NA,NA,NA,NA,0,0,0,0,0,0,0,0,0
"79",1077351.60106046,2855868.3987598,NA,NA,NA,NA,NA,NA,NA,0,0,0,0,0,0,0,0,0
"80",1179757.19882564,2855868.3987598,NA,NA,NA,NA,NA,NA,NA,0,0,0,0,0,0,0,0,0
"81",1282162.79659083,2855868.3987598,NA,NA,NA,NA,NA,NA,NA,0,0,0,0,0,0,0,0,0
"82",1384568.39435601,2855868.3987598,NA,NA,NA,NA,NA,NA,NA,0,0,0,0,0,0,0,0,0
"83",1486973.99212119,2855868.3987598,NA,NA,NA,NA,NA,NA,NA,0,0,0,0,0,0,0,0,0
"84",1589379.58988637,2855868.3987598,NA,NA,NA,NA,NA,NA,NA,0,0,0,0,0,0,0,0,0
"85",1691785.18765155,2855868.3987598,NA,NA,NA,NA,NA,NA,NA,0,0,0,0,0,0,0,0,0
"86",1794190.78541673,2855868.3987598,NA,NA,NA,NA,NA,NA,NA,0,0,0,0,0,0,0,0,0
"87",1896596.38318191,2855868.3987598,NA,NA,NA,NA,NA,NA,NA,0,0,0,0,0,0,0,0,0
"88",1999001.98094709,2855868.3987598,0.787307983311691,276.896420438296,15.6207710560006,31.7192442772718,1355714.21954103,0.68141592920354,0.771653543307087,1,0,1,1,0,0,0,1,1
"89",2101407.57871227,2855868.3987598,0.965911654494692,278.150817107484,15.7925573376978,27.8841363233341,1397925.40445366,0.730088495575221,0.795275590551181,1,0,1,1,1,0,0,1,0
"90",2203813.17647746,2855868.3987598,0.335496098658264,279.241895809402,16.8884761835078,21.4027497128325,1187272.84197645,0.699115044247788,0.78740157480315,1,0,0,0,1,0,0,1,0
"91",-2302033.12519051,2649534.45064562,NA,NA,NA,NA,NA,NA,NA,0,0,0,0,0,0,0,0,0
"92",-2199627.52742533,2649534.45064562,0.715135785293352,284.530125363228,23.9285097831835,83.1114245695794,3546403.00064987,0.716814159292035,0.68503937007874,1,0,1,1,0,0,1,1,1
"93",-2097221.92966015,2649534.45064562,1,282.956261732093,22.4183051868946,97.5334040638643,3355982.45206645,0.81858407079646,0.78740157480315,1,1,1,1,1,0,1,1,1
"94",-1994816.33189497,2649534.45064562,1,280.813003876595,12.4278452519606,66.0991347527837,1966499.67717422,0.849557522123894,0.850393700787402,1,1,1,1,1,1,1,1,1
"95",-1892410.73412979,2649534.45064562,1,281.663814559837,5.20084183399261,66.6874561257951,482757.080273534,0.871681415929204,0.850393700787402,1,1,1,1,1,1,1,1,1
"96",-1790005.13636461,2649534.45064562,1,280.924434880735,7.01970382737909,68.8413784230627,1002038.08380634,0.81858407079646,0.818897637795276,1,1,1,1,1,1,1,1,1
"97",-1687599.53859943,2649534.45064562,1,280.541233129716,9.14855998232107,94.1309260767985,943587.391139996,0.853982300884956,0.818897637795276,1,1,1,1,1,1,1,1,1
"98",-1585193.94083425,2649534.45064562,1,279.784430411049,10.239733683588,126.459537086125,886229.04010428,0.86283185840708,0.779527559055118,1,1,1,1,1,1,1,1,1
"99",-1482788.34306906,2649534.45064562,1,277.509170395553,12.8921150817952,171.02534796688,1551073.03962631,0.588495575221239,0.661417322834646,1,1,1,1,1,1,1,1,1
"100",-1380382.74530388,2649534.45064562,1,276.885346062698,9.46783952409537,124.321183061198,950930.760539867,0.800884955752212,0.795275590551181,1,1,1,1,1,1,1,1,1
"101",-1277977.1475387,2649534.45064562,1,277.284277550528,6.6382530107746,85.3447102333409,547802.344178358,0.827433628318584,0.84251968503937,1,1,1,1,1,1,1,1,1
"102",-1175571.54977352,2649534.45064562,1,277.869673800391,7.46789738584526,85.4670194661669,478909.078749733,0.738938053097345,0.771653543307087,1,1,1,1,1,1,1,1,1
"103",-1073165.95200834,2649534.45064562,1,278.490433647687,7.39742701814463,67.7447941219023,311206.656516495,0.800884955752212,0.755905511811024,1,1,1,1,1,1,1,1,1
"104",-970760.354243158,2649534.45064562,1,280.714407866853,5.50924882995992,25.9351099557233,47248.3348796042,0.747787610619469,0.732283464566929,1,1,1,1,1,1,1,1,1
"105",-868354.756477977,2649534.45064562,1,281.024612525292,5.18760522967092,20.4237793747189,15290.2302041511,0.641592920353982,0.574803149606299,1,1,1,1,1,1,1,1,1
"106",-765949.158712796,2649534.45064562,1,280.495438349113,5.02477688377362,18.420058627848,15501.2217137563,0.676991150442478,0.669291338582677,1,1,1,1,1,1,1,1,1
"107",-663543.560947615,2649534.45064562,1,279.927436206834,5.32286425401813,17.2273312197912,7791.45618267312,0.601769911504425,0.574803149606299,1,1,1,1,1,1,1,1,1
"108",-561137.963182434,2649534.45064562,1,279.294309850717,5.71161861539422,15.3603770670022,1081.54550954414,0.646017699115044,0.606299212598425,1,1,1,1,1,1,1,1,1
"109",-458732.365417253,2649534.45064562,1,279.014317144452,6.2344522909039,13.1344243711073,212.277386514305,0.65929203539823,0.590551181102362,1,1,1,1,1,1,1,1,1
"110",-356326.767652072,2649534.45064562,1,278.742991744367,6.58137758194301,11.607289676242,1960.40226110282,0.738938053097345,0.614173228346457,1,1,1,1,1,1,1,1,1
"111",-253921.16988689,2649534.45064562,1,278.123645385687,7.16279275427617,6.76638563883431,303.373156728532,0.694690265486726,0.551181102362205,1,1,1,1,1,1,1,1,1
"112",-151515.57212171,2649534.45064562,1,278.247322127654,7.77640737262586,4.46688116113334,3081.06698609123,0.685840707964602,0.574803149606299,1,1,1,1,1,1,1,1,1
"113",-49109.9743565284,2649534.45064562,1,278.374080409275,8.55291959698134,2.62999118804262,15210.7032594677,0.778761061946903,0.68503937007874,1,1,1,1,1,1,1,1,1
"114",53295.6234086528,2649534.45064562,1,277.787675145939,9.24832315007572,6.87374298261304,367965.448661587,0.867256637168142,0.881889763779528,1,1,1,1,1,1,1,1,1
"115",155701.221173834,2649534.45064562,1,277.804013256573,9.84354412172755,6.2532451261867,713106.549394565,0.849557522123894,0.874015748031496,1,1,1,1,1,1,1,1,1
"116",258106.818939015,2649534.45064562,1,277.442318499647,10.5271455954463,7.32257594645723,864296.867840164,0.814159292035398,0.874015748031496,1,1,1,1,1,1,1,1,1
"117",360512.416704196,2649534.45064562,1,277.68802036454,11.241083240988,12.7685603535677,829685.734046664,0.845132743362832,0.913385826771654,1,1,1,1,1,1,1,1,1
"118",462918.014469377,2649534.45064562,1,277.828256841171,11.7582855276212,9.36043033224528,730390.142566528,0.765486725663717,0.866141732283465,1,1,1,1,1,1,0,1,1
"119",565323.612234558,2649534.45064562,1,277.884920207066,11.0538592894848,13.7923940104717,1140587.70277046,0.79646017699115,0.850393700787402,1,0,1,1,1,1,0,1,1
"120",667729.20999974,2649534.45064562,1,278.424232141234,11.0767012966617,9.47199955980982,694849.906803334,0.756637168141593,0.850393700787402,1,0,1,1,1,0,0,1,1
"121",770134.80776492,2649534.45064562,0.941140397768397,278.702207598616,11.7463192852482,8.53770513947665,510128.572582183,0.787610619469027,0.84251968503937,1,0,1,1,1,0,0,1,1
"122",872540.405530102,2649534.45064562,0.649970051028984,278.790836281415,11.7119574626225,15.3204720324968,685369.310273614,0.800884955752212,0.834645669291339,1,0,1,0,1,0,0,1,1
"123",974946.003295283,2649534.45064562,NA,NA,NA,NA,NA,NA,NA,0,0,0,0,0,0,0,0,0
"124",1077351.60106046,2649534.45064562,NA,NA,NA,NA,NA,NA,NA,0,0,0,0,0,0,0,0,0
"125",1179757.19882564,2649534.45064562,NA,NA,NA,NA,NA,NA,NA,0,0,0,0,0,0,0,0,0
"126",1282162.79659083,2649534.45064562,NA,NA,NA,NA,NA,NA,NA,0,0,0,0,0,0,0,0,0
"127",1384568.39435601,2649534.45064562,NA,NA,NA,NA,NA,NA,NA,0,0,0,0,0,0,0,0,0
"128",1486973.99212119,2649534.45064562,NA,NA,NA,NA,NA,NA,NA,0,0,0,0,0,0,0,0,0
"129",1589379.58988637,2649534.45064562,NA,NA,NA,NA,NA,NA,NA,0,0,0,0,0,0,0,0,0
"130",1691785.18765155,2649534.45064562,0.452793487484756,279.103790773426,15.1794886924741,23.038651322486,1401690.50472285,0.70353982300885,0.795275590551181,1,0,1,1,0,0,0,1,1
"131",1794190.78541673,2649534.45064562,0.573693027524946,279.67513343286,15.4165927908076,40.0825539621359,1345441.47873438,0.809734513274336,0.881889763779528,1,0,1,1,1,0,0,1,1
"132",1896596.38318191,2649534.45064562,0.761210714843434,278.167140990211,16.9398279936247,63.3452215101512,1841547.32788879,0.774336283185841,0.850393700787402,1,0,1,1,1,0,1,1,1
"133",1999001.98094709,2649534.45064562,0.983449436524102,279.091539875564,17.1131579285926,52.7640238097218,1613293.89611446,0.79646017699115,0.874015748031496,1,1,1,1,1,0,1,1,0
"134",2101407.57871227,2649534.45064562,0.553290035094213,280.23461155651,16.5128377959062,20.8268332972991,1339880.60089116,0.761061946902655,0.826771653543307,1,1,0,0,1,1,1,1,0
"135",2203813.17647746,2649534.45064562,NA,NA,NA,NA,NA,NA,NA,0,0,0,0,0,0,0,0,0
"136",-2302033.12519051,2443200.50253143,0.419166538821204,284.979614955009,33.7014091113124,143.185660619249,3694091.24017419,0.805309734513274,0.771653543307087,1,0,1,1,0,0,1,0,1
"137",-2199627.52742533,2443200.50253143,1,284.184721720862,16.3356653930072,139.287523794023,2857655.66156871,0.924778761061947,0.866141732283465,1,1,1,1,1,0,1,1,1
"138",-2097221.92966015,2443200.50253143,1,280.782687015611,10.761670739466,64.970467166835,1981142.25488764,1,0.874015748031496,1,1,1,1,1,1,1,1,1
"139",-1994816.33189497,2443200.50253143,1,280.182909970861,6.11621402158721,39.9783711342322,639602.559272578,0.960176991150443,0.889763779527559,1,1,1,1,1,1,1,1,1
"140",-1892410.73412979,2443200.50253143,1,280.757655705645,3.90704198324015,30.3394195304121,72490.1054564332,0.831858407079646,0.763779527559055,1,1,1,1,1,1,1,1,1
"141",-1790005.13636461,2443200.50253143,1,281.563121907224,4.38680560841505,44.4352859380962,107756.569408096,0.747787610619469,0.669291338582677,1,1,1,1,1,1,1,1,1
"142",-1687599.53859943,2443200.50253143,1,282.294398697762,4.59721654308848,42.6444089171801,123489.59745118,0.765486725663717,0.732283464566929,1,1,1,1,1,1,1,1,1
"143",-1585193.94083425,2443200.50253143,1,281.810276256133,6.76430161752291,68.533869640654,329237.58299825,0.876106194690266,0.779527559055118,1,1,1,1,1,1,1,1,1
"144",-1482788.34306906,2443200.50253143,1,277.959772450204,8.17398193570381,106.133331096584,455547.580070621,0.765486725663717,0.755905511811024,1,1,1,1,1,1,1,1,1
"145",-1380382.74530388,2443200.50253143,1,277.672075851557,5.29365980080541,74.0704418466686,136291.080151429,0.849557522123894,0.771653543307087,1,1,1,1,1,1,1,1,1
"146",-1277977.1475387,2443200.50253143,1,277.966847003972,6.12974676257147,45.1910234180066,162869.283510777,0.707964601769911,0.661417322834646,1,1,1,1,1,1,1,1,1
"147",-1175571.54977352,2443200.50253143,1,275.17068153211,11.2456948583218,88.5549553710756,790235.494891668,0.858407079646018,0.771653543307087,1,1,1,1,1,1,1,1,1
"148",-1073165.95200834,2443200.50253143,1,275.264279776816,8.92264242576605,129.260434979696,570523.843599087,0.915929203539823,0.897637795275591,1,1,1,1,1,1,1,1,1
"149",-970760.354243158,2443200.50253143,1,280.15503068237,4.27651191235187,45.1444944368891,51386.3664181836,0.814159292035398,0.834645669291339,1,1,1,1,1,1,1,1,1
"150",-868354.756477977,2443200.50253143,1,279.249854247446,6.41042444579946,50.9160171994774,186660.648180987,0.836283185840708,0.826771653543307,1,1,1,1,1,1,1,1,1
"151",-765949.158712796,2443200.50253143,1,280.836183209991,5.26389887753467,23.7538344868059,26525.8566960159,0.623893805309734,0.606299212598425,1,1,1,1,1,1,1,1,1
"152",-663543.560947615,2443200.50253143,1,280.129856288235,6.46016637297159,24.8209517946492,165586.839492206,0.845132743362832,0.84251968503937,1,1,1,1,1,1,1,1,1
"153",-561137.963182434,2443200.50253143,1,280.669274830248,6.28698504859312,18.0940112704582,75865.4943581526,0.756637168141593,0.732283464566929,1,1,1,1,1,1,1,1,1
"154",-458732.365417253,2443200.50253143,1,280.953256753519,6.41702047344202,14.4995082671439,101.592111818754,0.5,0.440944881889764,1,1,1,1,1,1,1,1,1
"155",-356326.767652072,2443200.50253143,1,280.718887346749,6.63084724654628,13.4290199376841,267.364861443141,0.588495575221239,0.52755905511811,1,1,1,1,1,1,1,1,1
"156",-253921.16988689,2443200.50253143,1,279.96002069572,7.48897391450237,6.16872773146132,246.509528747037,0.646017699115044,0.535433070866142,1,1,1,1,1,1,1,1,1
"157",-151515.57212171,2443200.50253143,1,279.734092088781,8.21460372601088,4.02409931731267,879.459457511498,0.676991150442478,0.566929133858268,1,1,1,1,1,1,1,1,1
"158",-49109.9743565284,2443200.50253143,1,279.491254213972,9.0610913526693,6.22322136975066,1929.25713224595,0.707964601769911,0.574803149606299,1,1,1,1,1,1,1,1,1
"159",53295.6234086528,2443200.50253143,1,279.747733902243,9.86590818708238,4.68455097285761,17948.4348804423,0.676991150442478,0.62992125984252,1,1,1,1,1,1,1,1,1
"160",155701.221173834,2443200.50253143,1,279.925737154989,10.8364070028138,5.77055010956134,72004.6174219296,0.783185840707965,0.732283464566929,1,1,1,1,1,1,1,1,1
"161",258106.818939015,2443200.50253143,1,279.926291073626,11.6384280434083,11.3063642832654,235011.171126485,0.845132743362832,0.866141732283465,1,1,1,1,1,1,1,1,1
"162",360512.416704196,2443200.50253143,1,279.565149291911,11.9282858228585,16.5313025010022,688903.004356634,0.805309734513274,0.84251968503937,1,1,1,1,1,1,1,1,1
"163",462918.014469377,2443200.50253143,1,279.108537662318,11.6924609834912,7.33893076099804,800938.046811195,0.880530973451327,0.905511811023622,1,1,1,1,1,1,1,1,1
"164",565323.612234558,2443200.50253143,1,279.440808261523,11.4273295498444,8.06136269778621,789288.123702048,0.893805309734513,0.921259842519685,1,1,1,1,1,1,1,1,1
"165",667729.20999974,2443200.50253143,1,279.975719492459,11.0473932031689,5.62832553534318,268091.610413679,0.889380530973451,0.913385826771654,1,1,1,1,1,1,1,1,1
"166",770134.80776492,2443200.50253143,1,280.758995018265,12.1143885293392,11.4598075738962,419314.071597541,0.734513274336283,0.811023622047244,1,1,1,1,1,1,1,1,1
"167",872540.405530102,2443200.50253143,1,279.970666916529,11.8581504848463,11.9431943178818,967576.095201202,0.792035398230089,0.850393700787402,1,1,1,1,1,1,0,1,1
"168",974946.003295283,2443200.50253143,1,280.43118226358,11.0015625470866,5.98636574480985,590011.138601086,0.752212389380531,0.826771653543307,1,0,1,1,1,1,0,1,1
"169",1077351.60106046,2443200.50253143,0.582393660362389,281.180721810218,11.3090575906834,4.43624307251738,37896.6862546169,0.566371681415929,0.62992125984252,1,0,1,0,1,0,0,1,0
"170",1179757.19882564,2443200.50253143,NA,NA,NA,NA,NA,NA,NA,0,0,0,0,0,0,0,0,0
"171",1282162.79659083,2443200.50253143,NA,NA,NA,NA,NA,NA,NA,0,0,0,0,0,0,0,0,0
"172",1384568.39435601,2443200.50253143,0.285395485722963,282.487127895377,12.531111075752,9.81645491380605,118674.167803392,0.570796460176991,0.614173228346457,1,0,1,1,0,0,0,1,1
"173",1486973.99212119,2443200.50253143,0.483940027159548,282.282161289292,12.4309771375025,10.3404537986837,154149.622527207,0.68141592920354,0.763779527559055,1,0,1,1,1,0,0,1,1
"174",1589379.58988637,2443200.50253143,0.936720416100143,280.964385449207,15.6841140617451,17.6500960841374,734880.197998485,0.814159292035398,0.905511811023622,1,0,1,1,1,0,1,1,1
"175",1691785.18765155,2443200.50253143,1,279.400109876129,17.0654964093728,44.0486433790456,1349469.16536851,0.831858407079646,0.905511811023622,1,1,1,1,1,0,1,1,1
"176",1794190.78541673,2443200.50253143,1,280.652822517842,16.0505394833089,55.7635981557744,1420005.91737079,0.814159292035398,0.897637795275591,1,1,1,1,1,1,1,1,1
"177",1896596.38318191,2443200.50253143,1,280.696917439223,17.1632218620284,50.2220241590458,1859372.91156572,0.792035398230089,0.881889763779528,1,1,1,1,1,1,1,1,0
"178",1999001.98094709,2443200.50253143,0.855386942417759,282.484708621091,16.8744806468261,19.0882830635918,1062079.2025132,0.792035398230089,0.826771653543307,1,1,0,0,1,1,1,1,0
"179",2101407.57871227,2443200.50253143,NA,NA,NA,NA,NA,NA,NA,0,0,0,0,0,0,0,0,0
"180",2203813.17647746,2443200.50253143,NA,NA,NA,NA,NA,NA,NA,0,0,0,0,0,0,0,0,0
"181",-2302033.12519051,2236866.55441725,0.850398377003369,285.589201501729,21.212594242364,123.499437380817,2807623.6201939,0.858407079646018,0.84251968503937,1,1,1,1,0,0,1,0,1
"182",-2199627.52742533,2236866.55441725,1,287.244064930565,14.6983433834284,94.3870382008306,1492390.43338651,0.942477876106195,0.866141732283465,1,1,1,1,1,1,1,1,1
"183",-2097221.92966015,2236866.55441725,1,282.626467796233,14.0326185071435,78.9182649794725,2223849.65174084,1,0.94488188976378,1,1,1,1,1,1,1,1,1
"184",-1994816.33189497,2236866.55441725,1,281.745170256228,5.04353082353774,53.5495145531703,251256.586661764,0.889380530973451,0.811023622047244,1,1,1,1,1,1,1,1,1
"185",-1892410.73412979,2236866.55441725,1,282.407351304053,3.56216119755778,54.2834931149541,6820.97860569425,0.601769911504425,0.511811023622047,1,1,1,1,1,1,1,1,1
"186",-1790005.13636461,2236866.55441725,1,282.49206334393,4.19510781488693,50.7734649048104,10171.2243318382,0.420353982300885,0.409448818897638,1,1,1,1,1,1,1,1,1
"187",-1687599.53859943,2236866.55441725,1,280.987303596256,4.48094889194202,41.5366170275455,2713.1285009048,0.438053097345133,0.464566929133858,1,1,1,1,1,1,1,1,1
"188",-1585193.94083425,2236866.55441725,1,279.975226091878,5.13114679709162,46.93515091924,12988.6399808902,0.557522123893805,0.677165354330709,1,1,1,1,1,1,1,1,1
"189",-1482788.34306906,2236866.55441725,1,281.393379189618,4.39490700336629,41.6574217985856,18238.2260954397,0.84070796460177,0.826771653543307,1,1,1,1,1,1,1,1,1
"190",-1380382.74530388,2236866.55441725,1,281.89820800413,4.80415772963381,37.0020772864619,19868.3890845527,0.699115044247788,0.62992125984252,1,1,1,1,1,1,1,1,1
"191",-1277977.1475387,2236866.55441725,1,278.950320856321,7.86033884728714,71.9278106548926,212956.657400844,0.915929203539823,0.84251968503937,1,1,1,1,1,1,1,1,1
"192",-1175571.54977352,2236866.55441725,1,276.527529933319,6.18004107911175,55.8926267408688,276190.974031431,0.889380530973451,0.850393700787402,1,1,1,1,1,1,1,1,1
"193",-1073165.95200834,2236866.55441725,1,276.833134970231,5.09466193391288,51.5495638095926,186391.648418621,0.81858407079646,0.811023622047244,1,1,1,1,1,1,1,1,1
"194",-970760.354243158,2236866.55441725,1,279.515674281328,3.6099701326853,24.9564220202329,4040.1727686291,0.668141592920354,0.653543307086614,1,1,1,1,1,1,1,1,1
"195",-868354.756477977,2236866.55441725,1,279.554913072993,4.63772506708115,31.7669574934595,17580.1171609662,0.774336283185841,0.78740157480315,1,1,1,1,1,1,1,1,1
"196",-765949.158712796,2236866.55441725,1,280.234925385132,5.11362498558321,27.6430488129287,54862.091980725,0.876106194690266,0.858267716535433,1,1,1,1,1,1,1,1,1
"197",-663543.560947615,2236866.55441725,1,281.326232469702,5.48308244454477,18.8885691079848,36606.7650582802,0.876106194690266,0.866141732283465,1,1,1,1,1,1,1,1,1
"198",-561137.963182434,2236866.55441725,1,281.84202061955,6.46545019088405,16.7235486817987,52131.7561315512,0.774336283185841,0.779527559055118,1,1,1,1,1,1,1,1,1
"199",-458732.365417253,2236866.55441725,1,281.917339450239,7.26277745773262,14.7299722544821,2480.73408525417,0.707964601769911,0.62992125984252,1,1,1,1,1,1,1,1,1
"200",-356326.767652072,2236866.55441725,1,282.153912762254,7.83033439625746,12.5072495449271,12146.6660487118,0.70353982300885,0.653543307086614,1,1,1,1,1,1,1,1,1
"201",-253921.16988689,2236866.55441725,1,281.96480094806,8.60727820135399,11.3769722004132,20906.9755706371,0.747787610619469,0.653543307086614,1,1,1,1,1,1,1,1,1
"202",-151515.57212171,2236866.55441725,1,281.926579243284,9.24269276030397,8.16564323353256,25532.5627313884,0.650442477876106,0.574803149606299,1,1,1,1,1,1,1,1,1
"203",-49109.9743565284,2236866.55441725,1,281.322442238212,10.0087194060549,8.96640659606849,21141.4281278277,0.619469026548673,0.566929133858268,1,1,1,1,1,1,1,1,1
"204",53295.6234086528,2236866.55441725,1,281.010720694441,10.8154879909205,6.54514469197539,6020.69931023617,0.553097345132743,0.559055118110236,1,1,1,1,1,1,1,1,1
"205",155701.221173834,2236866.55441725,1,281.071705179879,11.8110783164891,3.59532459304478,16112.7898863963,0.584070796460177,0.535433070866142,1,1,1,1,1,1,1,1,1
"206",258106.818939015,2236866.55441725,1,280.877643755154,12.6614452399801,6.37841694451487,33663.9690284299,0.548672566371681,0.574803149606299,1,1,1,1,1,1,1,1,1
"207",360512.416704196,2236866.55441725,1,281.072691379283,13.0738612494377,18.0362085797272,309447.481529947,0.676991150442478,0.708661417322835,1,1,1,1,1,1,1,1,1
"208",462918.014469377,2236866.55441725,1,281.240285754443,13.0967898384127,20.0150950704539,391942.963436001,0.672566371681416,0.732283464566929,1,1,1,1,1,1,1,1,1
"209",565323.612234558,2236866.55441725,1,281.481836899256,12.7566927346805,8.92076517114059,85890.8580091914,0.738938053097345,0.732283464566929,1,1,1,1,1,1,1,1,1
"210",667729.20999974,2236866.55441725,1,281.758819825403,12.4942803148568,5.24452275731097,66783.581570986,0.699115044247788,0.708661417322835,1,1,1,1,1,1,1,1,1
"211",770134.80776492,2236866.55441725,1,282.119283593363,13.2472880901821,4.13720102243479,198165.270697453,0.734513274336283,0.779527559055118,1,1,1,1,1,1,1,1,1
"212",872540.405530102,2236866.55441725,1,281.93709038676,13.0416170718731,6.49750185129441,321207.253520085,0.738938053097345,0.779527559055118,1,1,1,1,1,1,1,1,1
"213",974946.003295283,2236866.55441725,1,282.101102878089,11.977099162724,5.08517551185095,187116.302317042,0.676991150442478,0.692913385826772,1,1,1,1,1,1,1,1,1
"214",1077351.60106046,2236866.55441725,0.575302347418989,282.476709908428,11.8405703797462,2.59163741643966,125383.304022434,0.601769911504425,0.645669291338583,1,1,1,0,1,1,0,1,1
"215",1179757.19882564,2236866.55441725,NA,NA,NA,NA,NA,NA,NA,0,0,0,0,0,0,0,0,0
"216",1282162.79659083,2236866.55441725,0.622296222413549,282.396755320096,15.5080939005212,9.08915013154645,586286.317152249,0.738938053097345,0.803149606299213,1,0,1,1,0,0,1,1,1
"217",1384568.39435601,2236866.55441725,0.938308010366629,281.264886639457,16.1948143569142,31.1791951406289,1478598.7720937,0.752212389380531,0.858267716535433,1,1,1,1,1,0,1,1,1
"218",1486973.99212119,2236866.55441725,1,281.114805572564,14.4479840918981,54.8226945603551,1567195.31434105,0.769911504424779,0.874015748031496,1,1,1,1,1,1,1,1,1
"219",1589379.58988637,2236866.55441725,1,281.788628809823,14.8822889015433,51.6331814987371,1165393.71427788,0.743362831858407,0.850393700787402,1,1,1,1,1,1,1,1,1
"220",1691785.18765155,2236866.55441725,1,281.685404956115,16.8819168938076,47.7556918693676,1382099.09242896,0.809734513274336,0.897637795275591,1,1,1,1,1,1,1,1,1
"221",1794190.78541673,2236866.55441725,0.94781124583,283.387175888855,17.3060812705046,40.0532591776602,1046433.9328616,0.792035398230089,0.866141732283465,1,1,1,1,1,1,1,1,0
"222",1896596.38318191,2236866.55441725,0.572690086954352,283.859909096307,17.1593832290521,25.9918769878109,916473.952286262,0.81858407079646,0.811023622047244,1,1,0,0,1,1,1,1,0
"223",1999001.98094709,2236866.55441725,NA,NA,NA,NA,NA,NA,NA,0,0,0,0,0,0,0,0,0
"224",2101407.57871227,2236866.55441725,NA,NA,NA,NA,NA,NA,NA,0,0,0,0,0,0,0,0,0
"225",2203813.17647746,2236866.55441725,NA,NA,NA,NA,NA,NA,NA,0,0,0,0,0,0,0,0,0
"226",-2302033.12519051,2030532.60630306,0.572231781128711,287.292786573522,13.5263740697059,79.8998842464176,950860.625662308,0.902654867256637,0.811023622047244,1,1,0,1,0,0,1,0,1
"227",-2199627.52742533,2030532.60630306,0.987486097461959,289.317849440326,7.3194561522998,26.0071327706504,31581.1195520991,0.84070796460177,0.771653543307087,1,1,1,1,1,1,1,0,1
"228",-2097221.92966015,2030532.60630306,1,285.708802032482,17.1202869585296,89.3709107056732,2226948.61768286,0.955752212389381,0.913385826771654,1,1,1,1,1,1,1,1,1
"229",-1994816.33189497,2030532.60630306,1,281.638454207241,6.56578983715089,87.1692879093815,672260.002067072,0.858407079646018,0.826771653543307,1,1,1,1,1,1,1,1,1
"230",-1892410.73412979,2030532.60630306,1,283.789939669128,2.36381348988712,47.4996852695777,18076.5294275509,0.623893805309734,0.606299212598425,1,1,1,1,1,1,1,1,1
"231",-1790005.13636461,2030532.60630306,1,281.483646309432,3.67437318776793,65.9270998031845,86098.7606379552,0.721238938053097,0.661417322834646,1,1,1,1,1,1,1,1,1
"232",-1687599.53859943,2030532.60630306,1,280.872651621952,3.96882887604634,52.813908790513,75388.638642511,0.619469026548673,0.614173228346457,1,1,1,1,1,1,1,1,1
"233",-1585193.94083425,2030532.60630306,1,280.534105187592,4.58084589810379,62.3879615064134,123198.216151139,0.676991150442478,0.68503937007874,1,1,1,1,1,1,1,1,1
"234",-1482788.34306906,2030532.60630306,1,283.457544917658,3.18040958051898,33.6887537343156,31787.9212805276,0.610619469026549,0.543307086614173,1,1,1,1,1,1,1,1,1
"235",-1380382.74530388,2030532.60630306,1,283.267889696944,4.94672247406284,43.9964790170606,64349.3094798701,0.761061946902655,0.748031496062992,1,1,1,1,1,1,1,1,1
"236",-1277977.1475387,2030532.60630306,1,279.204480532736,8.02000513456359,98.6409110533518,427730.819509035,0.924778761061947,0.905511811023622,1,1,1,1,1,1,1,1,1
"237",-1175571.54977352,2030532.60630306,1,279.151937641925,5.16769456590218,59.9852062393503,273514.053994926,0.81858407079646,0.866141732283465,1,1,1,1,1,1,1,1,1
"238",-1073165.95200834,2030532.60630306,1,280.440326166256,4.28586384718254,55.1743931281149,109084.761164271,0.774336283185841,0.763779527559055,1,1,1,1,1,1,1,1,1
"239",-970760.354243158,2030532.60630306,1,278.600583187198,6.71133185203311,55.324259156646,262381.116111107,0.805309734513274,0.858267716535433,1,1,1,1,1,1,1,1,1
"240",-868354.756477977,2030532.60630306,1,276.401685191027,8.22432218273184,67.7722448728983,715886.031485483,0.893805309734513,0.889763779527559,1,1,1,1,1,1,1,1,1
"241",-765949.158712796,2030532.60630306,1,280.061271241308,5.89095073081828,39.2298884442785,185300.765232597,0.924778761061947,0.952755905511811,1,1,1,1,1,1,1,1,1
"242",-663543.560947615,2030532.60630306,1,282.151608028436,5.4741313288448,11.5211468863629,4573.85518230828,0.672566371681416,0.582677165354331,1,1,1,1,1,1,1,1,1
"243",-561137.963182434,2030532.60630306,1,282.800929487698,6.12506203350843,9.24314993152877,8284.63402106224,0.619469026548673,0.496062992125984,1,1,1,1,1,1,1,1,1
"244",-458732.365417253,2030532.60630306,1,282.867100460585,7.12622916585329,12.2877157011611,3609.9098971456,0.561946902654867,0.519685039370079,1,1,1,1,1,1,1,1,1
"245",-356326.767652072,2030532.60630306,1,282.850160275164,8.16738285322467,11.2689989825724,18854.6428559618,0.544247787610619,0.551181102362205,1,1,1,1,1,1,1,1,1
"246",-253921.16988689,2030532.60630306,1,282.864621176004,9.06233787778876,7.64584689959908,8548.73578165355,0.63716814159292,0.574803149606299,1,1,1,1,1,1,1,1,1
"247",-151515.57212171,2030532.60630306,1,283.162398520111,9.78294281707628,6.4472255664183,23593.6263106091,0.5,0.496062992125984,1,1,1,1,1,1,1,1,1
"248",-49109.9743565284,2030532.60630306,1,283.363133732356,10.8199352297135,9.42598533848752,28509.9781784956,0.553097345132743,0.574803149606299,1,1,1,1,1,1,1,1,1
"249",53295.6234086528,2030532.60630306,1,283.113883491178,11.9165114302539,12.6385903339593,34959.8785805731,0.579646017699115,0.622047244094488,1,1,1,1,1,1,1,1,1
"250",155701.221173834,2030532.60630306,1,282.984508896596,12.6824750264387,10.1023400821132,126448.213772411,0.570796460176991,0.566929133858268,1,1,1,1,1,1,1,1,1
"251",258106.818939015,2030532.60630306,1,283.058411295392,13.0745334458788,9.93750843370257,175541.385660464,0.566371681415929,0.614173228346457,1,1,1,1,1,1,1,1,1
"252",360512.416704196,2030532.60630306,1,283.460786904528,13.2071253986044,8.14001976136206,207776.180070554,0.575221238938053,0.669291338582677,1,1,1,1,1,1,1,1,1
"253",462918.014469377,2030532.60630306,1,283.411624162803,13.2467917497752,6.75134597047217,176360.581531927,0.619469026548673,0.62992125984252,1,1,1,1,1,1,1,1,1
"254",565323.612234558,2030532.60630306,1,283.389717098467,13.1793662831205,5.81241208893257,108144.399371046,0.632743362831858,0.669291338582677,1,1,1,1,1,1,1,1,1
"255",667729.20999974,2030532.60630306,1,283.61792843649,13.5744186007415,3.54688385759344,66401.9829632442,0.663716814159292,0.68503937007874,1,1,1,1,1,1,1,1,1
"256",770134.80776492,2030532.60630306,1,283.493622161563,14.095883888725,4.0395529932435,86330.4237920726,0.690265486725664,0.724409448818898,1,1,1,1,1,1,1,1,1
"257",872540.405530102,2030532.60630306,1,283.439313156026,13.9412641411013,4.04315455914099,33309.2186640728,0.676991150442478,0.716535433070866,1,1,1,1,1,1,1,1,1
"258",974946.003295283,2030532.60630306,1,283.574771140636,13.5918666676829,3.48502946882949,21901.7969922218,0.592920353982301,0.661417322834646,1,1,1,1,1,1,1,1,1
"259",1077351.60106046,2030532.60630306,1,283.715040760611,13.9376554563706,5.09616077081547,53986.8388795952,0.676991150442478,0.68503937007874,1,1,1,1,1,1,0,1,1
"260",1179757.19882564,2030532.60630306,1,283.631304777095,14.3579199048179,17.5322407870057,488022.672440428,0.68141592920354,0.78740157480315,1,0,1,1,1,1,1,1,1
"261",1282162.79659083,2030532.60630306,1,283.75970908278,14.9000995026772,25.5775846242096,888619.874183003,0.707964601769911,0.78740157480315,1,1,1,1,1,0,1,1,1
"262",1384568.39435601,2030532.60630306,1,283.080387826501,16.2600623192075,36.3876734497763,1172909.85913614,0.734513274336283,0.874015748031496,1,1,1,1,1,1,1,1,1
"263",1486973.99212119,2030532.60630306,1,283.513786887203,14.6363572034016,50.6364431702117,1313059.6355087,0.769911504424779,0.889763779527559,1,1,1,1,1,1,1,1,1
"264",1589379.58988637,2030532.60630306,1,284.865695402529,15.8771913321478,31.5042629166796,698591.2837638,0.738938053097345,0.818897637795276,1,1,1,1,1,1,1,1,1
"265",1691785.18765155,2030532.60630306,0.90340800841168,285.711734306531,16.6969635646445,15.9022874751153,414555.25702286,0.81858407079646,0.763779527559055,1,1,1,1,1,1,1,1,1
"266",1794190.78541673,2030532.60630306,0.663829755935938,285.976060954314,16.5831203717585,5.84194396203981,579796.268553938,0.787610619469027,0.740157480314961,1,1,1,0,1,1,1,1,0
"267",1896596.38318191,2030532.60630306,NA,NA,NA,NA,NA,NA,NA,0,0,0,0,0,0,0,0,0
"268",1999001.98094709,2030532.60630306,NA,NA,NA,NA,NA,NA,NA,0,0,0,0,0,0,0,0,0
"269",2101407.57871227,2030532.60630306,NA,NA,NA,NA,NA,NA,NA,0,0,0,0,0,0,0,0,0
"270",2203813.17647746,2030532.60630306,NA,NA,NA,NA,NA,NA,NA,0,0,0,0,0,0,0,0,0
"271",-2302033.12519051,1824198.65818888,NA,NA,NA,NA,NA,NA,NA,0,0,0,0,0,0,0,0,0
"272",-2199627.52742533,1824198.65818888,0.998761952944397,288.678898015162,5.7959818461489,63.3335263687196,120411.750073341,0.831858407079646,0.755905511811024,1,1,1,1,0,1,1,0,1
"273",-2097221.92966015,1824198.65818888,1,289.638778967247,5.88376751459996,32.6795847373486,445143.2639805,0.924778761061947,0.84251968503937,1,1,1,1,1,1,1,1,1
"274",-1994816.33189497,1824198.65818888,1,281.014939563324,10.7322579835398,143.457010286975,1463420.75075463,0.933628318584071,0.94488188976378,1,1,1,1,1,1,1,1,1
"275",-1892410.73412979,1824198.65818888,1,285.174514696492,2.41823283340406,88.7883012779308,50643.7952926423,0.690265486725664,0.803149606299213,1,1,1,1,1,1,1,1,1
"276",-1790005.13636461,1824198.65818888,1,284.382562618256,2.6998078407705,45.3713521826635,43255.6953171661,0.247787610619469,0.283464566929134,1,1,1,1,1,1,1,1,1
"277",-1687599.53859943,1824198.65818888,1,284.581201799875,3.09371889197293,52.0532204486558,42938.277771474,0.579646017699115,0.669291338582677,1,1,1,1,1,1,1,1,1
"278",-1585193.94083425,1824198.65818888,1,283.580755798576,4.57439666126246,54.3954877566947,192817.542690326,0.553097345132743,0.637795275590551,1,1,1,1,1,1,1,1,1
"279",-1482788.34306906,1824198.65818888,1,282.621963040328,4.71780239613163,52.4315144303959,210395.874122521,0.814159292035398,0.897637795275591,1,1,1,1,1,1,1,1,1
"280",-1380382.74530388,1824198.65818888,1,280.623041428768,5.74309569089539,72.946113816834,406380.747113683,0.836283185840708,0.889763779527559,1,1,1,1,1,1,1,1,1
"281",-1277977.1475387,1824198.65818888,1,283.47692625544,3.66407664776918,64.535771954546,91078.9167403488,0.787610619469027,0.874015748031496,1,1,1,1,1,1,1,1,1
"282",-1175571.54977352,1824198.65818888,1,283.612582781686,4.38651918910005,75.2838243993968,181056.030669378,0.70353982300885,0.826771653543307,1,1,1,1,1,1,1,1,1
"283",-1073165.95200834,1824198.65818888,1,281.83793805917,5.59372944616373,82.7276435451484,303572.395272415,0.787610619469027,0.874015748031496,1,1,1,1,1,1,1,1,1
"284",-970760.354243158,1824198.65818888,1,277.919111742408,8.07226664836854,117.36583129241,641721.949628382,0.809734513274336,0.874015748031496,1,1,1,1,1,1,1,1,1
"285",-868354.756477977,1824198.65818888,1,275.825168150362,7.51335331500797,118.790633663725,703906.555885858,0.831858407079646,0.866141732283465,1,1,1,1,1,1,1,1,1
"286",-765949.158712796,1824198.65818888,1,281.259563891059,6.27392980945461,51.0980946704456,315345.771447694,0.898230088495575,0.921259842519685,1,1,1,1,1,1,1,1,1
"287",-663543.560947615,1824198.65818888,1,282.877855116009,5.26928601252969,10.5325289367245,2018.43828361336,0.668141592920354,0.645669291338583,1,1,1,1,1,1,1,1,1
"288",-561137.963182434,1824198.65818888,1,283.643391925878,5.94086984343987,7.01502650872022,4400.78185858329,0.539823008849557,0.535433070866142,1,1,1,1,1,1,1,1,1
"289",-458732.365417253,1824198.65818888,1,284.273098160095,6.81209137021271,8.44964164145103,6647.04133028256,0.513274336283186,0.503937007874016,1,1,1,1,1,1,1,1,1
"290",-356326.767652072,1824198.65818888,1,284.694994839189,7.86576071014993,9.04992757412136,5023.33196760366,0.570796460176991,0.574803149606299,1,1,1,1,1,1,1,1,1
"291",-253921.16988689,1824198.65818888,1,284.983747399383,9.05688596322371,9.44681911203325,16346.212932521,0.526548672566372,0.503937007874016,1,1,1,1,1,1,1,1,1
"292",-151515.57212171,1824198.65818888,1,285.323096993333,10.3540257115821,7.97902053286217,27627.3125888762,0.610619469026549,0.622047244094488,1,1,1,1,1,1,1,1,1
"293",-49109.9743565284,1824198.65818888,1,285.176625281652,11.7549819007068,10.6114625404445,55204.8273901763,0.650442477876106,0.68503937007874,1,1,1,1,1,1,1,1,1
"294",53295.6234086528,1824198.65818888,1,285.359390645297,13.0486862057689,11.0397633631788,122103.53674441,0.63716814159292,0.669291338582677,1,1,1,1,1,1,1,1,1
"295",155701.221173834,1824198.65818888,1,285.115306780018,14.1546715044729,9.83202621442688,163840.966583386,0.650442477876106,0.677165354330709,1,1,1,1,1,1,1,1,1
"296",258106.818939015,1824198.65818888,1,285.220361547545,14.3801913555177,9.33732761460059,244671.522742787,0.561946902654867,0.661417322834646,1,1,1,1,1,1,1,1,1
"297",360512.416704196,1824198.65818888,1,285.32842134921,14.3703753904121,9.85434732945972,364675.23748646,0.592920353982301,0.677165354330709,1,1,1,1,1,1,1,1,1
"298",462918.014469377,1824198.65818888,1,285.484451349245,14.1142915785845,9.88572931207581,352346.19399059,0.646017699115044,0.708661417322835,1,1,1,1,1,1,1,1,1
"299",565323.612234558,1824198.65818888,1,285.392858283874,14.3705395097117,3.77739452176551,157736.374799793,0.632743362831858,0.677165354330709,1,1,1,1,1,1,1,1,1
"300",667729.20999974,1824198.65818888,1,285.448314739683,15.226840812909,3.93416631416229,159775.365145689,0.588495575221239,0.637795275590551,1,1,1,1,1,1,1,1,1
"301",770134.80776492,1824198.65818888,1,285.325553775457,16.3107902005972,10.4584101862522,529687.276167527,0.592920353982301,0.645669291338583,1,1,1,1,1,1,1,1,1
"302",872540.405530102,1824198.65818888,1,285.331087542525,16.6200751192295,10.5831292498952,523393.325582059,0.588495575221239,0.669291338582677,1,1,1,1,1,1,1,1,1
"303",974946.003295283,1824198.65818888,1,285.477466847488,16.2028064557674,15.106420961013,411187.019264157,0.597345132743363,0.669291338582677,1,1,1,1,1,1,1,1,1
"304",1077351.60106046,1824198.65818888,1,285.272021004098,16.0361301736,20.5669497808736,719077.290529617,0.588495575221239,0.68503937007874,1,1,1,1,1,1,1,1,1
"305",1179757.19882564,1824198.65818888,1,285.522644299606,15.797119236853,28.2016934322899,1296826.54146803,0.610619469026549,0.700787401574803,1,1,1,1,1,1,1,1,1
"306",1282162.79659083,1824198.65818888,1,284.803990489423,17.1259658087477,49.1200844900561,1909354.99371922,0.610619469026549,0.740157480314961,1,1,1,1,1,1,1,1,1
"307",1384568.39435601,1824198.65818888,1,283.268362536287,17.162785222376,74.6671868055491,2097891.02228343,0.70353982300885,0.858267716535433,1,1,1,1,1,1,1,1,1
"308",1486973.99212119,1824198.65818888,1,285.480053445347,15.4912494524232,50.9911018425861,1539291.71258843,0.676991150442478,0.771653543307087,1,1,1,1,1,1,1,1,1
"309",1589379.58988637,1824198.65818888,0.974536576395203,287.039219247047,15.7357509395537,11.33166067035,1463355.75283429,0.619469026548673,0.645669291338583,1,1,1,1,1,1,1,1,1
"310",1691785.18765155,1824198.65818888,0.592496643890369,287.99064358215,16.5457351854322,6.33257892078198,1301431.13849391,0.721238938053097,0.661417322834646,1,1,1,1,1,1,1,1,1
"311",1794190.78541673,1824198.65818888,0.252329938343298,287.723445515154,16.1259777047797,3.4424018218013,768280.628140247,0.747787610619469,0.68503937007874,1,1,1,0,1,1,0,1,0
"312",1896596.38318191,1824198.65818888,NA,NA,NA,NA,NA,NA,NA,0,0,0,0,0,0,0,0,0
"313",1999001.98094709,1824198.65818888,NA,NA,NA,NA,NA,NA,NA,0,0,0,0,0,0,0,0,0
"314",2101407.57871227,1824198.65818888,NA,NA,NA,NA,NA,NA,NA,0,0,0,0,0,0,0,0,0
"315",2203813.17647746,1824198.65818888,NA,NA,NA,NA,NA,NA,NA,0,0,0,0,0,0,0,0,0
"316",-2302033.12519051,1617864.71007469,NA,NA,NA,NA,NA,NA,NA,0,0,0,0,0,0,0,0,0
"317",-2199627.52742533,1617864.71007469,0.582820246076504,288.213824050435,6.6059396574651,64.2052347260782,24125.0262482238,0.761061946902655,0.716535433070866,1,1,0,1,0,0,1,0,0
"318",-2097221.92966015,1617864.71007469,0.983789732276583,289.499432049946,4.36285649272815,52.7225643228306,98351.6198043406,0.823008849557522,0.84251968503937,1,1,0,1,1,1,1,0,1
"319",-1994816.33189497,1617864.71007469,1,287.373300489656,5.22323771633293,91.6791370295101,791807.260106971,0.951327433628319,0.952755905511811,1,1,1,1,1,1,1,0,1
"320",-1892410.73412979,1617864.71007469,1,290.570831103916,1.95107348044321,64.4359500890762,11135.1282801751,0.482300884955752,0.480314960629921,1,1,1,1,1,1,1,1,1
"321",-1790005.13636461,1617864.71007469,1,291.398300220186,1.90029754898458,58.3473575193946,17678.6473533463,0.517699115044248,0.519685039370079,1,1,1,1,1,1,1,1,1
"322",-1687599.53859943,1617864.71007469,1,290.996319699634,2.48321846803869,57.7871250948889,27509.7479516699,0.442477876106195,0.519685039370079,1,1,1,1,1,1,1,1,1
"323",-1585193.94083425,1617864.71007469,1,290.00779799538,3.252819751053,73.3437574608343,38251.9740973786,0.623893805309734,0.755905511811024,1,1,1,1,1,1,1,1,1
"324",-1482788.34306906,1617864.71007469,1,285.604673679904,4.93779919299009,63.6952916366849,135712.872664113,0.690265486725664,0.748031496062992,1,1,1,1,1,1,1,1,1
"325",-1380382.74530388,1617864.71007469,1,285.497271056059,3.69598242956901,53.8152610549651,121540.231046385,0.588495575221239,0.700787401574803,1,1,1,1,1,1,1,1,1
"326",-1277977.1475387,1617864.71007469,1,285.42969285621,2.86413189947712,51.0697682982138,50335.1396341623,0.429203539823009,0.582677165354331,1,1,1,1,1,1,1,1,1
"327",-1175571.54977352,1617864.71007469,1,284.557274112613,3.39921867641245,40.6974539252473,113629.236504715,0.668141592920354,0.740157480314961,1,1,1,1,1,1,1,1,1
"328",-1073165.95200834,1617864.71007469,1,282.154784666144,5.2628512755998,54.4299777797484,263256.239286339,0.889380530973451,0.937007874015748,1,1,1,1,1,1,1,1,1
"329",-970760.354243158,1617864.71007469,1,278.666614119346,8.11600549105343,95.7787443570526,577176.744156363,0.805309734513274,0.897637795275591,1,1,1,1,1,1,1,1,1
"330",-868354.756477977,1617864.71007469,1,278.526335624057,5.43448938583929,55.2530461653468,340808.035882244,0.964601769911504,1,1,1,1,1,1,1,1,1,1
"331",-765949.158712796,1617864.71007469,1,281.900915162505,6.24343818748216,50.2962357482124,322410.872386957,0.880530973451327,0.905511811023622,1,1,1,1,1,1,1,1,1
"332",-663543.560947615,1617864.71007469,1,284.601539574694,5.16932177706879,19.4353684757161,13313.9279733384,0.761061946902655,0.818897637795276,1,1,1,1,1,1,1,1,1
"333",-561137.963182434,1617864.71007469,1,285.471027945059,5.74347537625137,7.54313920281098,1385.97066276625,0.628318584070796,0.535433070866142,1,1,1,1,1,1,1,1,1
"334",-458732.365417253,1617864.71007469,1,285.964123031248,6.55894027433496,4.78299316473722,1390.67773036023,0.539823008849557,0.456692913385827,1,1,1,1,1,1,1,1,1
"335",-356326.767652072,1617864.71007469,1,286.380745151048,7.81811058100116,7.29727064955952,1066.22482353034,0.592920353982301,0.559055118110236,1,1,1,1,1,1,1,1,1
"336",-253921.16988689,1617864.71007469,1,286.87975526922,9.51676457938908,6.35752919914714,13221.9611492715,0.769911504424779,0.661417322834646,1,1,1,1,1,1,1,1,1
"337",-151515.57212171,1617864.71007469,1,287.073677869912,11.5140933315682,4.36852338982412,6078.77203467887,0.548672566371681,0.52755905511811,1,1,1,1,1,1,1,1,1
"338",-49109.9743565284,1617864.71007469,1,286.858697100145,13.1885139098209,10.2487241312992,55012.4358416895,0.575221238938053,0.598425196850394,1,1,1,1,1,1,1,1,1
"339",53295.6234086528,1617864.71007469,1,286.89389450735,14.7399033567413,7.24724727220172,97357.9078146843,0.570796460176991,0.614173228346457,1,1,1,1,1,1,1,1,1
"340",155701.221173834,1617864.71007469,1,286.764839680176,15.7477821172419,9.00454697080761,248607.634094157,0.632743362831858,0.677165354330709,1,1,1,1,1,1,1,1,1
"341",258106.818939015,1617864.71007469,1,286.503488774447,15.7873986071279,16.1697774463124,626180.435931627,0.601769911504425,0.692913385826772,1,1,1,1,1,1,1,1,1
"342",360512.416704196,1617864.71007469,1,286.345301063905,16.1482254798384,17.147683187812,868101.068566183,0.584070796460177,0.692913385826772,1,1,1,1,1,1,1,1,1
"343",462918.014469377,1617864.71007469,1,286.618034225049,16.2222457472544,20.6025558567923,1154539.99961181,0.601769911504425,0.661417322834646,1,1,1,1,1,1,1,1,1
"344",565323.612234558,1617864.71007469,1,287.131361880815,16.6560791152837,8.37933939331057,358119.187591928,0.632743362831858,0.677165354330709,1,1,1,1,1,1,1,1,1
"345",667729.20999974,1617864.71007469,1,287.300226034024,17.3704391444269,10.1532526948121,464174.686125433,0.610619469026549,0.637795275590551,1,1,1,1,1,1,1,1,1
"346",770134.80776492,1617864.71007469,1,287.334765617441,17.732076288523,11.8242138832481,544947.832771675,0.579646017699115,0.637795275590551,1,1,1,1,1,1,1,1,1
"347",872540.405530102,1617864.71007469,1,287.131705646964,18.2736812534521,17.6795774961066,631774.945962843,0.606194690265487,0.637795275590551,1,1,1,1,1,1,1,1,1
"348",974946.003295283,1617864.71007469,1,286.593065320848,18.6427998821437,26.3534405749209,863363.341475538,0.566371681415929,0.653543307086614,1,1,1,1,1,1,1,1,1
"349",1077351.60106046,1617864.71007469,1,286.426357085499,18.3540709676027,49.3586912525415,1367199.48202129,0.566371681415929,0.645669291338583,1,1,1,1,1,1,1,1,1
"350",1179757.19882564,1617864.71007469,1,286.126425136128,16.9726152667051,63.6688099615972,1474780.47461567,0.557522123893805,0.669291338582677,1,1,1,1,1,1,1,1,1
"351",1282162.79659083,1617864.71007469,1,284.960432690624,17.1516873181394,66.8983413425794,1753700.94583536,0.694690265486726,0.84251968503937,1,1,1,1,1,1,1,1,1
"352",1384568.39435601,1617864.71007469,1,286.66444885854,16.3919514651512,32.3892812162443,1635759.60635711,0.610619469026549,0.724409448818898,1,1,1,1,1,1,1,1,1
"353",1486973.99212119,1617864.71007469,1,287.872030367,16.1734560378731,12.7758091926266,1496212.51754009,0.517699115044248,0.574803149606299,1,1,1,1,1,1,1,1,1
"354",1589379.58988637,1617864.71007469,1,288.556016276193,16.5757564669946,7.90259234746819,1804647.03210177,0.579646017699115,0.606299212598425,1,1,1,1,1,1,1,1,1
"355",1691785.18765155,1617864.71007469,0.953596574790277,289.319242225695,17.8347209075005,3.57676838307456,1723369.52269276,0.619469026548673,0.62992125984252,1,1,1,1,1,1,1,1,0
"356",1794190.78541673,1617864.71007469,0.263716699073899,290.135465999075,18.6667154630808,2.85659611335863,1549882.43500317,0.615044247787611,0.559055118110236,1,1,0,0,1,1,0,1,0
"357",1896596.38318191,1617864.71007469,NA,NA,NA,NA,NA,NA,NA,0,0,0,0,0,0,0,0,0
"358",1999001.98094709,1617864.71007469,NA,NA,NA,NA,NA,NA,NA,0,0,0,0,0,0,0,0,0
"359",2101407.57871227,1617864.71007469,NA,NA,NA,NA,NA,NA,NA,0,0,0,0,0,0,0,0,0
"360",2203813.17647746,1617864.71007469,NA,NA,NA,NA,NA,NA,NA,0,0,0,0,0,0,0,0,0
"361",-2302033.12519051,1411530.7619605,NA,NA,NA,NA,NA,NA,NA,0,0,0,0,0,0,0,0,0
"362",-2199627.52742533,1411530.7619605,NA,NA,NA,NA,NA,NA,NA,0,0,0,0,0,0,0,0,0
"363",-2097221.92966015,1411530.7619605,NA,NA,NA,NA,NA,NA,NA,0,0,0,0,0,0,0,0,0
"364",-1994816.33189497,1411530.7619605,0.626776734057207,290.331280282486,5.3940896306706,64.5300017709008,166060.897850955,0.915929203539823,0.905511811023622,1,1,0,1,0,1,1,0,1
"365",-1892410.73412979,1411530.7619605,1,290.034276980005,4.15134263827728,78.506657881586,241458.023716503,0.973451327433628,0.968503937007874,1,1,1,1,1,1,1,0,1
"366",-1790005.13636461,1411530.7619605,1,293.763506466807,1.53378162695393,48.0516546424671,275.380563440012,0.619469026548673,0.582677165354331,1,1,1,1,1,1,1,1,1
"367",-1687599.53859943,1411530.7619605,1,294.790579178135,1.91951620150131,32.7966390062993,158.423714843048,0.486725663716814,0.456692913385827,1,1,1,1,1,1,1,1,1
"368",-1585193.94083425,1411530.7619605,1,291.498249113381,3.60814003737461,44.7565178084896,21337.8310409574,0.469026548672566,0.456692913385827,1,1,1,1,1,1,1,1,1
"369",-1482788.34306906,1411530.7619605,1,288.255872633441,5.45397753813084,48.6538141019125,157065.35010054,0.783185840707965,0.913385826771654,1,1,1,1,1,1,1,1,1
"370",-1380382.74530388,1411530.7619605,1,285.258562778461,6.26168483104762,47.5142006568768,413973.888218174,0.756637168141593,0.866141732283465,1,1,1,1,1,1,1,1,1
"371",-1277977.1475387,1411530.7619605,1,285.011208779288,3.97180768706634,22.520062130978,139292.231159344,0.570796460176991,0.708661417322835,1,1,1,1,1,1,1,1,1
"372",-1175571.54977352,1411530.7619605,1,283.280157866007,3.91401017521123,25.8712486600118,106696.649369626,0.628318584070796,0.755905511811024,1,1,1,1,1,1,1,1,1
"373",-1073165.95200834,1411530.7619605,1,282.859244104456,4.14139017546035,32.0392381571522,122307.960424356,0.601769911504425,0.708661417322835,1,1,1,1,1,1,1,1,1
"374",-970760.354243158,1411530.7619605,1,284.190491065091,4.60550838618382,40.6321489347818,191677.380901227,0.738938053097345,0.850393700787402,1,1,1,1,1,1,1,1,1
"375",-868354.756477977,1411530.7619605,1,283.112005404276,5.79894645518031,42.4045427839744,298113.799532785,0.756637168141593,0.913385826771654,1,1,1,1,1,1,1,1,1
"376",-765949.158712796,1411530.7619605,1,285.476443356893,5.57930223932141,25.4762829055733,28478.1891401122,0.575221238938053,0.606299212598425,1,1,1,1,1,1,1,1,1
"377",-663543.560947615,1411530.7619605,1,286.612946406798,5.79836022431811,13.6112890917488,469.336501862417,0.535398230088496,0.543307086614173,1,1,1,1,1,1,1,1,1
"378",-561137.963182434,1411530.7619605,1,286.889593436833,6.3168958834488,8.16141410104377,451.78925690693,0.464601769911504,0.409448818897638,1,1,1,1,1,1,1,1,1
"379",-458732.365417253,1411530.7619605,1,287.610508541375,7.50887629218499,11.1798963739128,2839.6986448104,0.544247787610619,0.480314960629921,1,1,1,1,1,1,1,1,1
"380",-356326.767652072,1411530.7619605,1,288.043802745468,8.53081107000928,11.1358691131009,10597.2917934498,0.663716814159292,0.614173228346457,1,1,1,1,1,1,1,1,1
"381",-253921.16988689,1411530.7619605,1,288.433308517039,10.1355012679683,9.92018574117734,60934.8679755169,0.615044247787611,0.590551181102362,1,1,1,1,1,1,1,1,1
"382",-151515.57212171,1411530.7619605,1,288.720790106766,12.0862626435317,7.99987062876081,132631.557454348,0.575221238938053,0.582677165354331,1,1,1,1,1,1,1,1,1
"383",-49109.9743565284,1411530.7619605,1,288.824761767364,13.8945384375048,11.8627468498663,509251.925444037,0.530973451327434,0.559055118110236,1,1,1,1,1,1,1,1,1
"384",53295.6234086528,1411530.7619605,1,288.77741245609,15.6636356148321,15.124310816092,553944.082091923,0.623893805309734,0.614173228346457,1,1,1,1,1,1,1,1,1
"385",155701.221173834,1411530.7619605,1,288.281440062761,17.3523174984451,29.802276262556,758678.351825541,0.615044247787611,0.677165354330709,1,1,1,1,1,1,1,1,1
"386",258106.818939015,1411530.7619605,1,288.125680409974,17.5445575049451,39.9969112805351,1051081.23074029,0.584070796460177,0.637795275590551,1,1,1,1,1,1,1,1,1
"387",360512.416704196,1411530.7619605,1,288.462234176315,17.5871447923294,21.2557905856258,824710.604767081,0.557522123893805,0.637795275590551,1,1,1,1,1,1,1,1,1
"388",462918.014469377,1411530.7619605,1,288.954534159716,17.6994743716241,4.6677457513921,306516.210803725,0.606194690265487,0.637795275590551,1,1,1,1,1,1,1,1,1
"389",565323.612234558,1411530.7619605,1,288.965190336472,18.6238415533174,5.60819853319226,360373.097587984,0.584070796460177,0.606299212598425,1,1,1,1,1,1,1,1,1
"390",667729.20999974,1411530.7619605,1,288.522987622421,19.6224815344981,11.1867272924082,925260.560644125,0.566371681415929,0.614173228346457,1,1,1,1,1,1,1,1,1
"391",770134.80776492,1411530.7619605,1,288.232271326677,19.8863927702295,17.2416045034939,977146.323819594,0.575221238938053,0.614173228346457,1,1,1,1,1,1,1,1,1
"392",872540.405530102,1411530.7619605,1,288.112517716551,19.8406086228903,27.4320176745502,675677.673512999,0.575221238938053,0.622047244094488,1,1,1,1,1,1,1,1,1
"393",974946.003295283,1411530.7619605,1,287.698474098153,20.3079127075061,34.5993375324683,1049278.56974311,0.575221238938053,0.637795275590551,1,1,1,1,1,1,1,1,1
"394",1077351.60106046,1411530.7619605,1,287.155949355583,21.3689256783021,56.0304584730313,1798395.17615975,0.619469026548673,0.740157480314961,1,1,1,1,1,1,1,1,1
"395",1179757.19882564,1411530.7619605,1,287.220849181196,19.9978367768397,58.6372088126647,1819030.4250754,0.632743362831858,0.771653543307087,1,1,1,1,1,1,1,1,1
"396",1282162.79659083,1411530.7619605,1,288.913435356724,17.0449058255362,19.3737393311837,1406518.35807961,0.641592920353982,0.748031496062992,1,1,1,1,1,1,1,1,1
"397",1384568.39435601,1411530.7619605,1,289.664570515601,15.9516359596573,11.185390192333,1234796.08702506,0.526548672566372,0.574803149606299,1,1,1,1,1,1,1,1,1
"398",1486973.99212119,1411530.7619605,1,290.066094866141,16.8821152181776,6.64732055619054,1245796.6672147,0.566371681415929,0.606299212598425,1,1,1,1,1,1,1,1,0
"399",1589379.58988637,1411530.7619605,0.85640324144009,290.236369100256,18.2939267180439,3.56579483692548,1558282.89039285,0.641592920353982,0.606299212598425,1,1,0,1,1,1,1,1,0
"400",1691785.18765155,1411530.7619605,0.345419254862276,290.312699809794,19.9652488372295,3.14351076634751,1715205.83614994,0.685840707964602,0.574803149606299,1,1,0,0,1,1,1,0,0
"401",1794190.78541673,1411530.7619605,NA,NA,NA,NA,NA,NA,NA,0,0,0,0,0,0,0,0,0
"402",1896596.38318191,1411530.7619605,NA,NA,NA,NA,NA,NA,NA,0,0,0,0,0,0,0,0,0
"403",1999001.98094709,1411530.7619605,NA,NA,NA,NA,NA,NA,NA,0,0,0,0,0,0,0,0,0
"404",2101407.57871227,1411530.7619605,NA,NA,NA,NA,NA,NA,NA,0,0,0,0,0,0,0,0,0
"405",2203813.17647746,1411530.7619605,NA,NA,NA,NA,NA,NA,NA,0,0,0,0,0,0,0,0,0
"406",-2302033.12519051,1205196.81384632,NA,NA,NA,NA,NA,NA,NA,0,0,0,0,0,0,0,0,0
"407",-2199627.52742533,1205196.81384632,NA,NA,NA,NA,NA,NA,NA,0,0,0,0,0,0,0,0,0
"408",-2097221.92966015,1205196.81384632,NA,NA,NA,NA,NA,NA,NA,0,0,0,0,0,0,0,0,0
"409",-1994816.33189497,1205196.81384632,NA,NA,NA,NA,NA,NA,NA,0,0,0,0,0,0,0,0,0
"410",-1892410.73412979,1205196.81384632,0.228005106062993,290.569771831403,4.56881010802405,73.1877919789234,159664.323182631,0.672566371681416,0.763779527559055,1,1,0,1,0,1,1,0,0
"411",-1790005.13636461,1205196.81384632,0.291676286126949,296.129966343932,1,21.7493203100822,1573.55035444835,0.433628318584071,0.385826771653543,1,1,0,1,1,1,1,0,0
"412",-1687599.53859943,1205196.81384632,0.597115623645484,295.838340192306,1.45428020313048,19.5108982796007,42.3733762442053,0.548672566371681,0.511811023622047,1,1,0,1,1,1,1,0,0
"413",-1585193.94083425,1205196.81384632,0.892158914020259,295.273722431888,2.26790180284389,20.4589123626417,69.5540208558952,0.504424778761062,0.503937007874016,1,1,0,1,1,1,1,0,0
"414",-1482788.34306906,1205196.81384632,1,294.742297081434,3.18845286636555,20.3155338770319,1997.14244700082,0.13716814159292,0.149606299212598,1,1,0,1,1,1,1,0,1
"415",-1380382.74530388,1205196.81384632,1,291.985431237943,5.16421660628606,60.3054830755133,61258.9981781041,0.81858407079646,0.874015748031496,1,1,1,1,1,1,1,0,1
"416",-1277977.1475387,1205196.81384632,1,287.782945684015,5.71289124539552,56.2005660577902,282089.197009116,0.676991150442478,0.748031496062992,1,1,1,1,1,1,1,1,1
"417",-1175571.54977352,1205196.81384632,1,285.180124365629,5.90707833843021,59.1427018823019,423338.05009846,0.871681415929204,0.968503937007874,1,1,1,1,1,1,1,1,1
"418",-1073165.95200834,1205196.81384632,1,285.475504121707,4.81930633971278,43.4107074271609,181881.487768015,0.730088495575221,0.929133858267717,1,1,1,1,1,1,1,1,1
"419",-970760.354243158,1205196.81384632,1,287.902368252338,3.78295100244946,26.9058461547585,11937.2415371294,0.63716814159292,0.590551181102362,1,1,1,1,1,1,1,1,1
"420",-868354.756477977,1205196.81384632,1,285.47025597092,5.69866689231193,37.4081981226996,194509.559863334,0.725663716814159,0.858267716535433,1,1,1,1,1,1,1,1,1
"421",-765949.158712796,1205196.81384632,1,288.672828286523,4.60443278246374,9.68825147331109,1,0.469026548672566,0.503937007874016,1,1,1,1,1,1,1,1,1
"422",-663543.560947615,1205196.81384632,1,288.14085121179,5.69796702788484,4.21347019229096,236.13870223243,0.464601769911504,0.488188976377953,1,1,1,1,1,1,1,1,1
"423",-561137.963182434,1205196.81384632,1,288.457570996935,6.44791221880624,3.939419773405,187.955083199334,0.469026548672566,0.47244094488189,1,1,1,1,1,1,1,1,1
"424",-458732.365417253,1205196.81384632,1,289.581689508861,7.62923625539406,11.482110309192,2882.93820048776,0.553097345132743,0.503937007874016,1,1,1,1,1,1,1,1,1
"425",-356326.767652072,1205196.81384632,1,290.405600963073,8.76793973205944,8.13414865445452,12770.290078352,0.592920353982301,0.551181102362205,1,1,1,1,1,1,1,1,1
"426",-253921.16988689,1205196.81384632,1,290.565014852918,10.2818861893365,7.55024512041061,46944.245172341,0.725663716814159,0.68503937007874,1,1,1,1,1,1,1,1,1
"427",-151515.57212171,1205196.81384632,1,290.36685222917,12.472835047206,9.62849972787522,200298.741145636,0.601769911504425,0.574803149606299,1,1,1,1,1,1,1,1,1
"428",-49109.9743565284,1205196.81384632,1,290.342448071625,14.634739700137,8.36664327363185,375591.089440565,0.597345132743363,0.598425196850394,1,1,1,1,1,1,1,1,1
"429",53295.6234086528,1205196.81384632,1,290.261982907996,16.785964116013,15.8914421873479,522587.275620678,0.619469026548673,0.62992125984252,1,1,1,1,1,1,1,1,1
"430",155701.221173834,1205196.81384632,1,289.981012953357,18.9436663039749,18.1345206646523,843050.57448916,0.650442477876106,0.669291338582677,1,1,1,1,1,1,1,1,1
"431",258106.818939015,1205196.81384632,1,290.011935260206,19.3723622968419,12.9637301412126,1142504.04202202,0.623893805309734,0.661417322834646,1,1,1,1,1,1,1,1,1
"432",360512.416704196,1205196.81384632,1,290.333497028912,19.0144582679466,4.961748219286,882535.223276473,0.579646017699115,0.582677165354331,1,1,1,1,1,1,1,1,1
"433",462918.014469377,1205196.81384632,1,290.594126890457,19.1124193454697,2.37819869110181,363372.157451766,0.601769911504425,0.566929133858268,1,1,1,1,1,1,1,1,1
"434",565323.612234558,1205196.81384632,1,290.101871400526,20.1763778101674,8.42398493202043,1033731.38159346,0.588495575221239,0.574803149606299,1,1,1,1,1,1,1,1,1
"435",667729.20999974,1205196.81384632,1,290.191132444591,20.2030863102721,8.41794803328982,1096307.77697302,0.561946902654867,0.598425196850394,1,1,1,1,1,1,1,1,1
"436",770134.80776492,1205196.81384632,1,289.982051305647,20.426700947028,14.8474939854618,1161904.24039571,0.584070796460177,0.606299212598425,1,1,1,1,1,1,1,1,1
"437",872540.405530102,1205196.81384632,1,289.93675979001,19.8676217664094,20.5455453298634,848480.407936919,0.615044247787611,0.614173228346457,1,1,1,1,1,1,1,1,1
"438",974946.003295283,1205196.81384632,1,289.633243888957,18.8506366317658,17.9813556958521,1029773.70425834,0.606194690265487,0.614173228346457,1,1,1,1,1,1,1,1,1
"439",1077351.60106046,1205196.81384632,1,289.977632702003,17.8692349397644,12.9206162284285,1036141.16867264,0.553097345132743,0.574803149606299,1,1,1,1,1,1,1,1,1
"440",1179757.19882564,1205196.81384632,1,290.551871204471,16.7016155896383,10.9791354033799,1035059.53492297,0.597345132743363,0.582677165354331,1,1,1,1,1,1,1,1,1
"441",1282162.79659083,1205196.81384632,1,291.182107428267,16.3595764600514,9.14609744742398,943802.886081445,0.570796460176991,0.559055118110236,1,1,1,1,1,1,1,1,1
"442",1384568.39435601,1205196.81384632,0.966384754319579,291.677494367186,16.8940098446841,5.2263178433045,1207999.37208636,0.597345132743363,0.519685039370079,1,1,1,1,1,1,1,1,0
"443",1486973.99212119,1205196.81384632,0.539387903738422,291.592596229269,17.9534327499493,3.25462654055665,1138577.07842944,0.63716814159292,0.535433070866142,1,1,0,0,1,1,1,1,0
"444",1589379.58988637,1205196.81384632,NA,NA,NA,NA,NA,NA,NA,0,0,0,0,0,0,0,0,0
"445",1691785.18765155,1205196.81384632,NA,NA,NA,NA,NA,NA,NA,0,0,0,0,0,0,0,0,0
"446",1794190.78541673,1205196.81384632,NA,NA,NA,NA,NA,NA,NA,0,0,0,0,0,0,0,0,0
"447",1896596.38318191,1205196.81384632,NA,NA,NA,NA,NA,NA,NA,0,0,0,0,0,0,0,0,0
"448",1999001.98094709,1205196.81384632,NA,NA,NA,NA,NA,NA,NA,0,0,0,0,0,0,0,0,0
"449",2101407.57871227,1205196.81384632,NA,NA,NA,NA,NA,NA,NA,0,0,0,0,0,0,0,0,0
"450",2203813.17647746,1205196.81384632,NA,NA,NA,NA,NA,NA,NA,0,0,0,0,0,0,0,0,0
"451",-2302033.12519051,998862.865732132,NA,NA,NA,NA,NA,NA,NA,0,0,0,0,0,0,0,0,0
"452",-2199627.52742533,998862.865732132,NA,NA,NA,NA,NA,NA,NA,0,0,0,0,0,0,0,0,0
"453",-2097221.92966015,998862.865732132,NA,NA,NA,NA,NA,NA,NA,0,0,0,0,0,0,0,0,0
"454",-1994816.33189497,998862.865732132,NA,NA,NA,NA,NA,NA,NA,0,0,0,0,0,0,0,0,0
"455",-1892410.73412979,998862.865732132,NA,NA,NA,NA,NA,NA,NA,0,0,0,0,0,0,0,0,0
"456",-1790005.13636461,998862.865732132,NA,NA,NA,NA,NA,NA,NA,0,0,0,0,0,0,0,0,0
"457",-1687599.53859943,998862.865732132,NA,NA,NA,NA,NA,NA,NA,0,0,0,0,0,0,0,0,0
"458",-1585193.94083425,998862.865732132,NA,NA,NA,NA,NA,NA,NA,0,0,0,0,0,0,0,0,0
"459",-1482788.34306906,998862.865732132,NA,NA,NA,NA,NA,NA,NA,0,0,0,0,0,0,0,0,0
"460",-1380382.74530388,998862.865732132,0.381742285929765,290.150103029131,5.63373862487352,51.7038700922779,91707.3571127089,0.725663716814159,0.763779527559055,1,1,0,1,0,1,1,0,0
"461",-1277977.1475387,998862.865732132,0.455827803100749,289.296690077478,5.0871438891561,56.0694684236443,76023.4263857371,0.765486725663717,0.897637795275591,1,1,0,1,1,1,1,0,0
"462",-1175571.54977352,998862.865732132,0.45761711479732,288.828069725653,4.08394060491594,31.3819317357411,9816.55558197604,0.464601769911504,0.52755905511811,1,1,0,1,1,1,1,0,0
"463",-1073165.95200834,998862.865732132,0.342930032420567,289.982996782882,3.30747040773736,16.7156135476155,47.2027143776867,0.371681415929204,0.393700787401575,1,1,0,1,1,1,1,0,0
"464",-970760.354243158,998862.865732132,0.518486813363309,290.487273031202,3.44305901629385,19.1023744975216,1061.53558960444,0.495575221238938,0.496062992125984,1,1,0,1,1,1,1,0,0
"465",-868354.756477977,998862.865732132,0.955216124741038,289.379451960031,4.08737168697824,30.6036444790267,1404.17207363175,0.668141592920354,0.771653543307087,1,1,0,1,1,1,1,0,1
"466",-765949.158712796,998862.865732132,1,290.541826848299,4.47320235810812,16.2203118425431,490.615448783551,0.557522123893805,0.622047244094488,1,1,1,1,1,1,1,0,1
"467",-663543.560947615,998862.865732132,1,291.157819606351,4.64967366134552,4.75199054609387,1.1535021832057,0.323008849557522,0.346456692913386,1,1,1,1,1,1,1,1,1
"468",-561137.963182434,998862.865732132,1,291.094681572922,5.58721613627058,6.48870320401826,26.7464915084286,0.438053097345133,0.440944881889764,1,1,1,1,1,1,1,1,1
"469",-458732.365417253,998862.865732132,1,290.96993052362,7.32188673163757,11.4662498027422,2342.59020759059,0.442477876106195,0.52755905511811,1,1,1,1,1,1,1,1,1
"470",-356326.767652072,998862.865732132,1,291.309273526893,9.01871373937407,9.49640572051362,32609.8408097251,0.575221238938053,0.614173228346457,1,1,1,1,1,1,1,1,1
"471",-253921.16988689,998862.865732132,1,291.408614590777,10.8025019790632,12.0652697281864,134692.022938759,0.606194690265487,0.622047244094488,1,1,1,1,1,1,1,1,1
"472",-151515.57212171,998862.865732132,1,291.958684090693,12.5291630687977,11.3853558453148,145528.270723935,0.68141592920354,0.661417322834646,1,1,1,1,1,1,1,1,1
"473",-49109.9743565284,998862.865732132,1,292.152804286593,14.2393113912183,6.56420933319694,136161.329239514,0.610619469026549,0.559055118110236,1,1,1,1,1,1,1,1,1
"474",53295.6234086528,998862.865732132,1,291.956860164175,16.2364328963522,9.82556378442573,390733.614968193,0.668141592920354,0.62992125984252,1,1,1,1,1,1,1,1,1
"475",155701.221173834,998862.865732132,1,291.858471040378,18.2513284834781,8.96015107685774,691415.275411404,0.588495575221239,0.566929133858268,1,1,1,1,1,1,1,1,1
"476",258106.818939015,998862.865732132,1,291.838758001443,19.661218571345,7.759073489056,931257.738472711,0.570796460176991,0.52755905511811,1,1,1,1,1,1,1,1,1
"477",360512.416704196,998862.865732132,1,291.87366942781,20.2356445043367,5.14697795598254,805663.44774312,0.597345132743363,0.551181102362205,1,1,1,1,1,1,1,1,1
"478",462918.014469377,998862.865732132,1,291.797630947901,20.8515553871017,7.00331265763804,1264272.66351743,0.623893805309734,0.566929133858268,1,1,1,1,1,1,1,1,1
"479",565323.612234558,998862.865732132,1,291.566815947351,20.9947638057178,8.3657424016349,1258762.25828245,0.513274336283186,0.535433070866142,1,1,1,1,1,1,1,1,1
"480",667729.20999974,998862.865732132,1,291.448753501228,21.0462951415389,9.127719373111,1469198.15124633,0.517699115044248,0.519685039370079,1,1,1,1,1,1,1,1,1
"481",770134.80776492,998862.865732132,1,291.516626691456,20.846210952493,9.70362074684869,1305633.19060128,0.579646017699115,0.566929133858268,1,1,1,1,1,1,1,1,0
"482",872540.405530102,998862.865732132,1,291.730079119222,20.6484875981658,9.7527424807754,1112596.85172487,0.535398230088496,0.52755905511811,1,1,0,1,1,1,1,1,1
"483",974946.003295283,998862.865732132,1,291.837535493529,19.6294204834308,9.24142857294507,953083.45285386,0.601769911504425,0.52755905511811,1,1,1,1,1,1,1,0,1
"484",1077351.60106046,998862.865732132,1,292.146055013373,18.3940132222164,7.56809499013421,750224.302079948,0.597345132743363,0.566929133858268,1,1,1,1,1,1,1,1,1
"485",1179757.19882564,998862.865732132,1,292.402420316142,17.5305699650404,5.83495098417373,725246.732477286,0.619469026548673,0.551181102362205,1,1,1,1,1,1,1,1,1
"486",1282162.79659083,998862.865732132,1,292.706932080896,17.3772381180074,3.6512097709405,1083811.44613564,0.566371681415929,0.52755905511811,1,1,1,1,1,1,1,1,1
"487",1384568.39435601,998862.865732132,0.552593900698421,293.164040139816,17.6708254474656,3.5863762699688,1182734.1978946,0.584070796460177,0.488188976377953,1,1,1,0,1,1,1,1,1
"488",1486973.99212119,998862.865732132,NA,NA,NA,NA,NA,NA,NA,0,0,0,0,0,0,0,0,0
"489",1589379.58988637,998862.865732132,NA,NA,NA,NA,NA,NA,NA,0,0,0,0,0,0,0,0,0
"490",1691785.18765155,998862.865732132,NA,NA,NA,NA,NA,NA,NA,0,0,0,0,0,0,0,0,0
"491",1794190.78541673,998862.865732132,NA,NA,NA,NA,NA,NA,NA,0,0,0,0,0,0,0,0,0
"492",1896596.38318191,998862.865732132,NA,NA,NA,NA,NA,NA,NA,0,0,0,0,0,0,0,0,0
"493",1999001.98094709,998862.865732132,NA,NA,NA,NA,NA,NA,NA,0,0,0,0,0,0,0,0,0
"494",2101407.57871227,998862.865732132,NA,NA,NA,NA,NA,NA,NA,0,0,0,0,0,0,0,0,0
"495",2203813.17647746,998862.865732132,NA,NA,NA,NA,NA,NA,NA,0,0,0,0,0,0,0,0,0
"496",-2302033.12519051,792528.917617946,NA,NA,NA,NA,NA,NA,NA,0,0,0,0,0,0,0,0,0
"497",-2199627.52742533,792528.917617946,NA,NA,NA,NA,NA,NA,NA,0,0,0,0,0,0,0,0,0
"498",-2097221.92966015,792528.917617946,NA,NA,NA,NA,NA,NA,NA,0,0,0,0,0,0,0,0,0
"499",-1994816.33189497,792528.917617946,NA,NA,NA,NA,NA,NA,NA,0,0,0,0,0,0,0,0,0
"500",-1892410.73412979,792528.917617946,NA,NA,NA,NA,NA,NA,NA,0,0,0,0,0,0,0,0,0
"501",-1790005.13636461,792528.917617946,NA,NA,NA,NA,NA,NA,NA,0,0,0,0,0,0,0,0,0
"502",-1687599.53859943,792528.917617946,NA,NA,NA,NA,NA,NA,NA,0,0,0,0,0,0,0,0,0
"503",-1585193.94083425,792528.917617946,NA,NA,NA,NA,NA,NA,NA,0,0,0,0,0,0,0,0,0
"504",-1482788.34306906,792528.917617946,NA,NA,NA,NA,NA,NA,NA,0,0,0,0,0,0,0,0,0
"505",-1380382.74530388,792528.917617946,NA,NA,NA,NA,NA,NA,NA,0,0,0,0,0,0,0,0,0
"506",-1277977.1475387,792528.917617946,NA,NA,NA,NA,NA,NA,NA,0,0,0,0,0,0,0,0,0
"507",-1175571.54977352,792528.917617946,NA,NA,NA,NA,NA,NA,NA,0,0,0,0,0,0,0,0,0
"508",-1073165.95200834,792528.917617946,NA,NA,NA,NA,NA,NA,NA,0,0,0,0,0,0,0,0,0
"509",-970760.354243158,792528.917617946,NA,NA,NA,NA,NA,NA,NA,0,0,0,0,0,0,0,0,0
"510",-868354.756477977,792528.917617946,NA,NA,NA,NA,NA,NA,NA,0,0,0,0,0,0,0,0,0
"511",-765949.158712796,792528.917617946,0.830012299477011,290.79356510198,4.57949872270087,40.1518731672265,9736.22271592813,0.650442477876106,0.68503937007874,1,1,0,1,0,1,1,0,0
"512",-663543.560947615,792528.917617946,0.813307459480045,292.029875441238,4.45917061915117,39.5703425122792,1131.55624791417,0.579646017699115,0.661417322834646,1,1,0,1,1,1,1,0,0
"513",-561137.963182434,792528.917617946,0.641980464436044,292.492185619646,5.6621804019557,26.331253605056,227.2177407988,0.469026548672566,0.574803149606299,1,1,0,1,1,1,1,0,0
"514",-458732.365417253,792528.917617946,0.939899586167762,292.291559063148,7.50950979428314,12.990305138097,21911.2136005,0.548672566371681,0.677165354330709,1,1,0,1,1,1,1,0,1
"515",-356326.767652072,792528.917617946,1,291.88439420253,9.33959592481387,17.6076590584347,266265.437841372,0.699115044247788,0.763779527559055,1,1,1,1,1,1,1,0,1
"516",-253921.16988689,792528.917617946,1,292.5374475256,11.0260612875985,16.3039914164979,278106.429018595,0.606194690265487,0.645669291338583,1,1,1,1,1,1,1,1,1
"517",-151515.57212171,792528.917617946,1,293.229501417268,12.3982736337761,9.79121720000127,106905.293767686,0.699115044247788,0.724409448818898,1,1,1,1,1,1,1,1,1
"518",-49109.9743565284,792528.917617946,1,293.51799560674,14.7273557832342,6.14870112183744,84056.3241918165,0.712389380530973,0.614173228346457,1,1,1,1,1,1,1,1,1
"519",53295.6234086528,792528.917617946,0.989703675511765,293.625385441662,18.081835182783,4.70380617189796,350431.775698113,0.721238938053097,0.62992125984252,1,1,1,1,1,1,1,1,0
"520",155701.221173834,792528.917617946,0.808192176346346,293.320782871512,20.5341772567652,4.73446836666326,609401.437650409,0.730088495575221,0.606299212598425,1,1,0,1,1,1,1,1,0
"521",258106.818939015,792528.917617946,0.72257639558327,293.073469661217,21.5784403702188,3.6290281926312,590009.518591466,0.725663716814159,0.574803149606299,1,1,0,1,1,1,1,0,0
"522",360512.416704196,792528.917617946,0.776678208992908,293.23090867863,21.7268238836201,2.56967039494538,329142.114166996,0.68141592920354,0.551181102362205,1,1,0,1,1,1,1,0,0
"523",462918.014469377,792528.917617946,0.879429309628656,293.256967549566,22.2333095542209,3.4431910371626,833070.043745469,0.63716814159292,0.543307086614173,1,1,0,1,1,1,1,0,0
"524",565323.612234558,792528.917617946,0.805982283760569,293.627609087108,22.695013773608,3.4250570904385,605415.842548969,0.699115044247788,0.543307086614173,1,1,0,1,1,1,1,0,0
"525",667729.20999974,792528.917617946,0.4185246774435,293.373382944162,22.9957154892892,5.29114572051453,843437.045019225,0.570796460176991,0.448818897637795,1,1,0,1,1,1,1,0,0
"526",770134.80776492,792528.917617946,0.249724546541099,292.851365072394,23.32468868045,6.27310207693665,757808.764367319,0.70353982300885,0.535433070866142,1,1,0,0,1,1,1,0,0
"527",872540.405530102,792528.917617946,NA,NA,NA,NA,NA,NA,NA,0,0,0,0,0,0,0,0,0
"528",974946.003295283,792528.917617946,0.254170688353507,293.055575585368,21.5731126663581,5.51895653001882,1238484.7576194,0.548672566371681,0.425196850393701,1,1,0,1,0,1,1,0,0
"529",1077351.60106046,792528.917617946,0.40794736764848,293.140440183185,20.5885836716247,3.90454227145125,1527998.10275764,0.646017699115044,0.496062992125984,1,1,0,1,1,1,1,0,0
"530",1179757.19882564,792528.917617946,0.309918523252122,293.312021590536,19.344239936488,3.17620761991884,1467318.04238398,0.561946902654867,0.448818897637795,1,1,0,1,1,1,1,0,0
"531",1282162.79659083,792528.917617946,0.742038076715476,293.977228439757,18.6809659444338,3.03131127798038,1212821.59051804,0.601769911504425,0.425196850393701,1,1,0,1,1,1,1,0,1
"532",1384568.39435601,792528.917617946,0.945289056739735,294.664097970588,18.2410102429744,4.68234270094562,1066036.62462358,0.592920353982301,0.425196850393701,1,1,1,1,1,1,0,0,1
"533",1486973.99212119,792528.917617946,0.279431233154722,295.511887561129,18.3128406788813,2.53509225301092,775372.048646569,0.579646017699115,0.37007874015748,1,0,1,0,1,1,0,1,1
"534",1589379.58988637,792528.917617946,NA,NA,NA,NA,NA,NA,NA,0,0,0,0,0,0,0,0,0
"535",1691785.18765155,792528.917617946,NA,NA,NA,NA,NA,NA,NA,0,0,0,0,0,0,0,0,0
"536",1794190.78541673,792528.917617946,NA,NA,NA,NA,NA,NA,NA,0,0,0,0,0,0,0,0,0
"537",1896596.38318191,792528.917617946,NA,NA,NA,NA,NA,NA,NA,0,0,0,0,0,0,0,0,0
"538",1999001.98094709,792528.917617946,NA,NA,NA,NA,NA,NA,NA,0,0,0,0,0,0,0,0,0
"539",2101407.57871227,792528.917617946,NA,NA,NA,NA,NA,NA,NA,0,0,0,0,0,0,0,0,0
"540",2203813.17647746,792528.917617946,NA,NA,NA,NA,NA,NA,NA,0,0,0,0,0,0,0,0,0
"541",-2302033.12519051,586194.96950376,NA,NA,NA,NA,NA,NA,NA,0,0,0,0,0,0,0,0,0
"542",-2199627.52742533,586194.96950376,NA,NA,NA,NA,NA,NA,NA,0,0,0,0,0,0,0,0,0
"543",-2097221.92966015,586194.96950376,NA,NA,NA,NA,NA,NA,NA,0,0,0,0,0,0,0,0,0
"544",-1994816.33189497,586194.96950376,NA,NA,NA,NA,NA,NA,NA,0,0,0,0,0,0,0,0,0
"545",-1892410.73412979,586194.96950376,NA,NA,NA,NA,NA,NA,NA,0,0,0,0,0,0,0,0,0
"546",-1790005.13636461,586194.96950376,NA,NA,NA,NA,NA,NA,NA,0,0,0,0,0,0,0,0,0
"547",-1687599.53859943,586194.96950376,NA,NA,NA,NA,NA,NA,NA,0,0,0,0,0,0,0,0,0
"548",-1585193.94083425,586194.96950376,NA,NA,NA,NA,NA,NA,NA,0,0,0,0,0,0,0,0,0
"549",-1482788.34306906,586194.96950376,NA,NA,NA,NA,NA,NA,NA,0,0,0,0,0,0,0,0,0
"550",-1380382.74530388,586194.96950376,NA,NA,NA,NA,NA,NA,NA,0,0,0,0,0,0,0,0,0
"551",-1277977.1475387,586194.96950376,NA,NA,NA,NA,NA,NA,NA,0,0,0,0,0,0,0,0,0
"552",-1175571.54977352,586194.96950376,NA,NA,NA,NA,NA,NA,NA,0,0,0,0,0,0,0,0,0
"553",-1073165.95200834,586194.96950376,NA,NA,NA,NA,NA,NA,NA,0,0,0,0,0,0,0,0,0
"554",-970760.354243158,586194.96950376,NA,NA,NA,NA,NA,NA,NA,0,0,0,0,0,0,0,0,0
"555",-868354.756477977,586194.96950376,NA,NA,NA,NA,NA,NA,NA,0,0,0,0,0,0,0,0,0
"556",-765949.158712796,586194.96950376,NA,NA,NA,NA,NA,NA,NA,0,0,0,0,0,0,0,0,0
"557",-663543.560947615,586194.96950376,NA,NA,NA,NA,NA,NA,NA,0,0,0,0,0,0,0,0,0
"558",-561137.963182434,586194.96950376,NA,NA,NA,NA,NA,NA,NA,0,0,0,0,0,0,0,0,0
"559",-458732.365417253,586194.96950376,NA,NA,NA,NA,NA,NA,NA,0,0,0,0,0,0,0,0,0
"560",-356326.767652072,586194.96950376,0.84481221366416,295.399939638932,7.75600581206961,5.97032572355655,2461.76794058853,0.663716814159292,0.62992125984252,1,1,0,1,0,1,1,0,1
"561",-253921.16988689,586194.96950376,1,295.172315239448,9.09610438415429,6.26599914919346,2339.00642358458,0.65929203539823,0.598425196850394,1,1,1,1,1,1,1,0,1
"562",-151515.57212171,586194.96950376,0.911663335531863,294.978267927981,11.314853210628,4.29461265670257,2836.0522944989,0.800884955752212,0.669291338582677,1,1,1,1,1,1,1,1,0
"563",-49109.9743565284,586194.96950376,0.447113451008048,294.67703654942,14.678318422772,1.73987545418152,8600.48654051776,0.721238938053097,0.52755905511811,1,1,0,1,1,1,1,1,0
"564",53295.6234086528,586194.96950376,0.206099825627169,294.447236261221,16.7433612409372,1.93633995202367,36966.72293813,0.632743362831858,0.417322834645669,1,1,0,0,1,1,1,0,0
"565",155701.221173834,586194.96950376,NA,NA,NA,NA,NA,NA,NA,0,0,0,0,0,0,0,0,0
"566",258106.818939015,586194.96950376,NA,NA,NA,NA,NA,NA,NA,0,0,0,0,0,0,0,0,0
"567",360512.416704196,586194.96950376,NA,NA,NA,NA,NA,NA,NA,0,0,0,0,0,0,0,0,0
"568",462918.014469377,586194.96950376,NA,NA,NA,NA,NA,NA,NA,0,0,0,0,0,0,0,0,0
"569",565323.612234558,586194.96950376,NA,NA,NA,NA,NA,NA,NA,0,0,0,0,0,0,0,0,0
"570",667729.20999974,586194.96950376,NA,NA,NA,NA,NA,NA,NA,0,0,0,0,0,0,0,0,0
"571",770134.80776492,586194.96950376,NA,NA,NA,NA,NA,NA,NA,0,0,0,0,0,0,0,0,0
"572",872540.405530102,586194.96950376,NA,NA,NA,NA,NA,NA,NA,0,0,0,0,0,0,0,0,0
"573",974946.003295283,586194.96950376,NA,NA,NA,NA,NA,NA,NA,0,0,0,0,0,0,0,0,0
"574",1077351.60106046,586194.96950376,NA,NA,NA,NA,NA,NA,NA,0,0,0,0,0,0,0,0,0
"575",1179757.19882564,586194.96950376,NA,NA,NA,NA,NA,NA,NA,0,0,0,0,0,0,0,0,0
"576",1282162.79659083,586194.96950376,NA,NA,NA,NA,NA,NA,NA,0,0,0,0,0,0,0,0,0
"577",1384568.39435601,586194.96950376,0.846947941891211,296.091817406634,18.7146304643972,2.96052018824782,337790.734717373,0.63716814159292,0.440944881889764,1,1,0,1,0,1,1,0,1
"578",1486973.99212119,586194.96950376,0.962789761002646,296.157989560355,17.6552706851143,1.76709420301748,203812.564854218,0.570796460176991,0.37007874015748,1,1,1,1,1,1,0,0,1
"579",1589379.58988637,586194.96950376,0.291269044460348,296.903418733765,19.8375621514903,1.23805361526506,57860.262404052,0.566371681415929,0.346456692913386,1,0,1,0,1,1,0,1,0
"580",1691785.18765155,586194.96950376,NA,NA,NA,NA,NA,NA,NA,0,0,0,0,0,0,0,0,0
"581",1794190.78541673,586194.96950376,NA,NA,NA,NA,NA,NA,NA,0,0,0,0,0,0,0,0,0
"582",1896596.38318191,586194.96950376,NA,NA,NA,NA,NA,NA,NA,0,0,0,0,0,0,0,0,0
"583",1999001.98094709,586194.96950376,NA,NA,NA,NA,NA,NA,NA,0,0,0,0,0,0,0,0,0
"584",2101407.57871227,586194.96950376,NA,NA,NA,NA,NA,NA,NA,0,0,0,0,0,0,0,0,0
"585",2203813.17647746,586194.96950376,NA,NA,NA,NA,NA,NA,NA,0,0,0,0,0,0,0,0,0
"586",-2302033.12519051,379861.021389575,NA,NA,NA,NA,NA,NA,NA,0,0,0,0,0,0,0,0,0
"587",-2199627.52742533,379861.021389575,NA,NA,NA,NA,NA,NA,NA,0,0,0,0,0,0,0,0,0
"588",-2097221.92966015,379861.021389575,NA,NA,NA,NA,NA,NA,NA,0,0,0,0,0,0,0,0,0
"589",-1994816.33189497,379861.021389575,NA,NA,NA,NA,NA,NA,NA,0,0,0,0,0,0,0,0,0
"590",-1892410.73412979,379861.021389575,NA,NA,NA,NA,NA,NA,NA,0,0,0,0,0,0,0,0,0
"591",-1790005.13636461,379861.021389575,NA,NA,NA,NA,NA,NA,NA,0,0,0,0,0,0,0,0,0
"592",-1687599.53859943,379861.021389575,NA,NA,NA,NA,NA,NA,NA,0,0,0,0,0,0,0,0,0
"593",-1585193.94083425,379861.021389575,NA,NA,NA,NA,NA,NA,NA,0,0,0,0,0,0,0,0,0
"594",-1482788.34306906,379861.021389575,NA,NA,NA,NA,NA,NA,NA,0,0,0,0,0,0,0,0,0
"595",-1380382.74530388,379861.021389575,NA,NA,NA,NA,NA,NA,NA,0,0,0,0,0,0,0,0,0
"596",-1277977.1475387,379861.021389575,NA,NA,NA,NA,NA,NA,NA,0,0,0,0,0,0,0,0,0
"597",-1175571.54977352,379861.021389575,NA,NA,NA,NA,NA,NA,NA,0,0,0,0,0,0,0,0,0
"598",-1073165.95200834,379861.021389575,NA,NA,NA,NA,NA,NA,NA,0,0,0,0,0,0,0,0,0
"599",-970760.354243158,379861.021389575,NA,NA,NA,NA,NA,NA,NA,0,0,0,0,0,0,0,0,0
"600",-868354.756477977,379861.021389575,NA,NA,NA,NA,NA,NA,NA,0,0,0,0,0,0,0,0,0
"601",-765949.158712796,379861.021389575,NA,NA,NA,NA,NA,NA,NA,0,0,0,0,0,0,0,0,0
"602",-663543.560947615,379861.021389575,NA,NA,NA,NA,NA,NA,NA,0,0,0,0,0,0,0,0,0
"603",-561137.963182434,379861.021389575,NA,NA,NA,NA,NA,NA,NA,0,0,0,0,0,0,0,0,0
"604",-458732.365417253,379861.021389575,NA,NA,NA,NA,NA,NA,NA,0,0,0,0,0,0,0,0,0
"605",-356326.767652072,379861.021389575,NA,NA,NA,NA,NA,NA,NA,0,0,0,0,0,0,0,0,0
"606",-253921.16988689,379861.021389575,0.615190779088562,296.499234811227,7.97672713910251,4.45800033407833,253.788559171903,0.619469026548673,0.62992125984252,1,1,0,1,0,1,1,0,0
"607",-151515.57212171,379861.021389575,0.463787498907989,296.3584009272,9.36198807678339,1.19217320516321,5659.30556165085,0.792035398230089,0.598425196850394,1,1,0,0,1,1,1,0,0
"608",-49109.9743565284,379861.021389575,NA,NA,NA,NA,NA,NA,NA,0,0,0,0,0,0,0,0,0
"609",53295.6234086528,379861.021389575,NA,NA,NA,NA,NA,NA,NA,0,0,0,0,0,0,0,0,0
"610",155701.221173834,379861.021389575,NA,NA,NA,NA,NA,NA,NA,0,0,0,0,0,0,0,0,0
"611",258106.818939015,379861.021389575,NA,NA,NA,NA,NA,NA,NA,0,0,0,0,0,0,0,0,0
"612",360512.416704196,379861.021389575,NA,NA,NA,NA,NA,NA,NA,0,0,0,0,0,0,0,0,0
"613",462918.014469377,379861.021389575,NA,NA,NA,NA,NA,NA,NA,0,0,0,0,0,0,0,0,0
"614",565323.612234558,379861.021389575,NA,NA,NA,NA,NA,NA,NA,0,0,0,0,0,0,0,0,0
"615",667729.20999974,379861.021389575,NA,NA,NA,NA,NA,NA,NA,0,0,0,0,0,0,0,0,0
"616",770134.80776492,379861.021389575,NA,NA,NA,NA,NA,NA,NA,0,0,0,0,0,0,0,0,0
"617",872540.405530102,379861.021389575,NA,NA,NA,NA,NA,NA,NA,0,0,0,0,0,0,0,0,0
"618",974946.003295283,379861.021389575,NA,NA,NA,NA,NA,NA,NA,0,0,0,0,0,0,0,0,0
"619",1077351.60106046,379861.021389575,NA,NA,NA,NA,NA,NA,NA,0,0,0,0,0,0,0,0,0
"620",1179757.19882564,379861.021389575,NA,NA,NA,NA,NA,NA,NA,0,0,0,0,0,0,0,0,0
"621",1282162.79659083,379861.021389575,NA,NA,NA,NA,NA,NA,NA,0,0,0,0,0,0,0,0,0
"622",1384568.39435601,379861.021389575,NA,NA,NA,NA,NA,NA,NA,0,0,0,0,0,0,0,0,0
"623",1486973.99212119,379861.021389575,0.419415191919551,297.582856231221,18.9496961331518,1.570941063576,57782.0636853829,0.513274336283186,0.330708661417323,1,1,0,1,0,1,1,0,0
"624",1589379.58988637,379861.021389575,0.294719651940274,297.904585521354,19.2296945494047,1,14178.7531841669,0.566371681415929,0.322834645669291,1,1,0,0,1,1,0,0,0
"625",1691785.18765155,379861.021389575,NA,NA,NA,NA,NA,NA,NA,0,0,0,0,0,0,0,0,0
"626",1794190.78541673,379861.021389575,NA,NA,NA,NA,NA,NA,NA,0,0,0,0,0,0,0,0,0
"627",1896596.38318191,379861.021389575,NA,NA,NA,NA,NA,NA,NA,0,0,0,0,0,0,0,0,0
"628",1999001.98094709,379861.021389575,NA,NA,NA,NA,NA,NA,NA,0,0,0,0,0,0,0,0,0
"629",2101407.57871227,379861.021389575,NA,NA,NA,NA,NA,NA,NA,0,0,0,0,0,0,0,0,0
"630",2203813.17647746,379861.021389575,NA,NA,NA,NA,NA,NA,NA,0,0,0,0,0,0,0,0,0
