"","x","y","land_perc","temp","prec","grad","fore"
"1",-2302033.12519051,3062202.34687399,NA,NA,NA,NA,NA
"2",-2199627.52742533,3062202.34687399,NA,NA,NA,NA,NA
"3",-2097221.92966015,3062202.34687399,0.533839892345641,9.49148251328279,2888.7309330312,55.0180981642201,263.468615653582
"4",-1994816.33189497,3062202.34687399,0.538534642643403,9.97576248552033,1208.43281928047,40.9758746170962,149.666059640003
"5",-1892410.73412979,3062202.34687399,0.909022083777247,7.04874682769022,2318.23176961889,106.590806181488,222.424476313325
"6",-1790005.13636461,3062202.34687399,0.77455606229972,5.85147576801118,781.60819091826,81.9627562025866,108.406155980817
"7",-1687599.53859943,3062202.34687399,0.648095525379288,7.45670363678714,448.409051350311,55.9060089996264,62.2506714806355
"8",-1585193.94083425,3062202.34687399,0.529511222069432,6.53425164839924,800.988968204443,75.4590003610787,107.140027813187
"9",-1482788.34306906,3062202.34687399,0.418719245511257,5.35243573837734,952.242931655187,86.8853823882562,99.2777466160087
"10",-1380382.74530388,3062202.34687399,0.31565525590233,4.04139551791216,924.006479718202,80.9259707846738,86.7472631694431
"11",-1277977.1475387,3062202.34687399,0.220253377137214,3.66315180158867,920.560286416783,25.8821290434273,18.1129302354188
"12",-1175571.54977352,3062202.34687399,0.13243660771211,5.57736373348579,369.109779341422,5.41189959553564,0.195967231290491
"13",-1073165.95200834,3062202.34687399,0.0521480303307946,5.40807744009437,321.736299769984,6.94841079461559,0.477286278499475
"14",-970760.354243158,3062202.34687399,0.00145820479777714,4.7381253124362,326.198908027409,5.76599765700514,0
"15",-868354.756477977,3062202.34687399,NA,NA,NA,NA,NA
"16",-765949.158712796,3062202.34687399,NA,NA,NA,NA,NA
"17",-663543.560947615,3062202.34687399,NA,NA,NA,NA,NA
"18",-561137.963182434,3062202.34687399,NA,NA,NA,NA,NA
"19",-458732.365417253,3062202.34687399,NA,NA,NA,NA,NA
"20",-356326.767652072,3062202.34687399,NA,NA,NA,NA,NA
"21",-253921.16988689,3062202.34687399,NA,NA,NA,NA,NA
"22",-151515.57212171,3062202.34687399,NA,NA,NA,NA,NA
"23",-49109.9743565284,3062202.34687399,NA,NA,NA,NA,NA
"24",53295.6234086528,3062202.34687399,NA,NA,NA,NA,NA
"25",155701.221173834,3062202.34687399,NA,NA,NA,NA,NA
"26",258106.818939015,3062202.34687399,NA,NA,NA,NA,NA
"27",360512.416704196,3062202.34687399,NA,NA,NA,NA,NA
"28",462918.014469377,3062202.34687399,NA,NA,NA,NA,NA
"29",565323.612234558,3062202.34687399,NA,NA,NA,NA,NA
"30",667729.20999974,3062202.34687399,NA,NA,NA,NA,NA
"31",770134.80776492,3062202.34687399,NA,NA,NA,NA,NA
"32",872540.405530102,3062202.34687399,NA,NA,NA,NA,NA
"33",974946.003295283,3062202.34687399,NA,NA,NA,NA,NA
"34",1077351.60106046,3062202.34687399,NA,NA,NA,NA,NA
"35",1179757.19882564,3062202.34687399,NA,NA,NA,NA,NA
"36",1282162.79659083,3062202.34687399,NA,NA,NA,NA,NA
"37",1384568.39435601,3062202.34687399,NA,NA,NA,NA,NA
"38",1486973.99212119,3062202.34687399,NA,NA,NA,NA,NA
"39",1589379.58988637,3062202.34687399,NA,NA,NA,NA,NA
"40",1691785.18765155,3062202.34687399,NA,NA,NA,NA,NA
"41",1794190.78541673,3062202.34687399,NA,NA,NA,NA,NA
"42",1896596.38318191,3062202.34687399,NA,NA,NA,NA,NA
"43",1999001.98094709,3062202.34687399,0.0877518183827569,3.24130849427549,1101.45232874398,18.3271294866756,105.506879771063
"44",2101407.57871227,3062202.34687399,0.154224705181256,3.8872655466428,1090.59650905174,20.1570655168014,80.2604866215779
"45",2203813.17647746,3062202.34687399,NA,NA,NA,NA,NA
"46",-2302033.12519051,2855868.3987598,NA,NA,NA,NA,NA
"47",-2199627.52742533,2855868.3987598,0.0599343668470096,10.1818396393393,2409.34017199825,43.1111109499424,218.703185316985
"48",-2097221.92966015,2855868.3987598,0.880208604446304,10.4854881151485,1987.08965823566,31.5541176996353,143.330783318098
"49",-1994816.33189497,2855868.3987598,1,8.79129515482533,1905.24869094643,54.650992609384,186.158655494753
"50",-1892410.73412979,2855868.3987598,1,7.92674915676116,785.904063819252,45.9732691318598,94.6701281682995
"51",-1790005.13636461,2855868.3987598,1,10.4334409845333,248.176970285213,17.7940636149312,4.10561825627717
"52",-1687599.53859943,2855868.3987598,1,9.60765349846244,400.821084790574,18.1250982883425,11.7365394522279
"53",-1585193.94083425,2855868.3987598,1,8.42630211932139,673.695621010315,30.4957277921593,43.411264106504
"54",-1482788.34306906,2855868.3987598,1,5.84570722727574,1147.07087289803,77.6213929582885,112.190095642207
"55",-1380382.74530388,2855868.3987598,1,5.56254498914018,701.184143150864,58.4937160700305,66.6385009655181
"56",-1277977.1475387,2855868.3987598,1,3.87135797759614,791.683704869567,63.2857848478753,48.3190569956454
"57",-1175571.54977352,2855868.3987598,1,6.40828909069099,354.458099567964,15.7622259892347,5.43122470265811
"58",-1073165.95200834,2855868.3987598,1,6.46061153262992,366.131634679875,13.1220191927125,2.29031074748419
"59",-970760.354243158,2855868.3987598,0.977901849642559,6.38369025313684,375.528270453072,12.1564256689926,1.32243122247592
"60",-868354.756477977,2855868.3987598,0.91399516039074,6.28143466128722,347.71736024044,9.14633502807506,0.0712832815223406
"61",-765949.158712796,2855868.3987598,0.856001692738316,5.53557950813896,351.24116285461,7.19575460077598,0.0755799500235868
"62",-663543.560947615,2855868.3987598,0.805356789353389,5.41202069785922,375.287495100431,7.51884268095799,0.09998742138873
"63",-561137.963182434,2855868.3987598,0.762033926774366,4.83548034650314,408.126795381598,5.86779511918434,0.0868154512123833
"64",-458732.365417253,2855868.3987598,0.725996009658864,4.19961983429184,453.827900170827,4.07098591828147,0.00285369698272573
"65",-356326.767652072,2855868.3987598,0.697219608735356,4.11256359443596,478.311187323081,2.39743950256164,1.1907363563458
"66",-253921.16988689,2855868.3987598,0.675694975412531,3.59813200588004,505.888131359557,2.71356997380535,1.77289379652705
"67",-151515.57212171,2855868.3987598,0.661424087265175,3.68549195499983,539.680423683792,2.13582258533626,1.14224297172836
"68",-49109.9743565284,2855868.3987598,0.654353629795912,3.8686040205456,587.904148928348,0.930174328718337,3.45388054166355
"69",53295.6234086528,2855868.3987598,0.685308433016587,3.51333894388414,630.834300409385,1.29923249166405,18.7505006610103
"70",155701.221173834,2855868.3987598,0.467346280217508,3.5180856129882,674.311823444887,3.47711673534469,44.7592331185059
"71",258106.818939015,2855868.3987598,0.382479511070519,3.13862065657325,705.037889029021,5.97824432213006,57.1932602309709
"72",360512.416704196,2855868.3987598,0.235923976983302,2.87169503420855,730.470638841275,6.65822485098152,59.138702063337
"73",462918.014469377,2855868.3987598,0.220517000832391,2.89198191992234,780.81452361422,9.22262979702852,27.4975080959931
"74",565323.612234558,2855868.3987598,0.337167857958262,3.51411966134485,686.172399435085,10.7234723950276,5.39777424916651
"75",667729.20999974,2855868.3987598,NA,NA,NA,NA,NA
"76",770134.80776492,2855868.3987598,NA,NA,NA,NA,NA
"77",872540.405530102,2855868.3987598,NA,NA,NA,NA,NA
"78",974946.003295283,2855868.3987598,NA,NA,NA,NA,NA
"79",1077351.60106046,2855868.3987598,NA,NA,NA,NA,NA
"80",1179757.19882564,2855868.3987598,NA,NA,NA,NA,NA
"81",1282162.79659083,2855868.3987598,NA,NA,NA,NA,NA
"82",1384568.39435601,2855868.3987598,NA,NA,NA,NA,NA
"83",1486973.99212119,2855868.3987598,NA,NA,NA,NA,NA
"84",1589379.58988637,2855868.3987598,NA,NA,NA,NA,NA
"85",1691785.18765155,2855868.3987598,NA,NA,NA,NA,NA
"86",1794190.78541673,2855868.3987598,NA,NA,NA,NA,NA
"87",1896596.38318191,2855868.3987598,NA,NA,NA,NA,NA
"88",1999001.98094709,2855868.3987598,0.787307983311691,3.74642043829646,1139.90478094533,16.1943824305804,87.5023045834396
"89",2101407.57871227,2855868.3987598,0.965911654494692,5.00081710748444,1152.44065405335,14.2363532819121,90.22675484428
"90",2203813.17647746,2855868.3987598,0.335496098658264,6.0918958094018,1232.41385943408,10.9272563648044,76.6305378706147
"91",-2302033.12519051,2649534.45064562,0.0474522426050875,11.2843904161724,1811.82122815411,31.0471745472121,170.532770162941
"92",-2199627.52742533,2649534.45064562,0.715135785293352,11.3801253632285,1746.15085292284,42.432858174825,228.896644341126
"93",-2097221.92966015,2649534.45064562,1,9.80626173209328,1635.94570150338,49.7960553965126,216.606268832095
"94",-1994816.33189497,2649534.45064562,1,7.66300387659463,906.905310164997,33.747168033384,126.924429378331
"95",-1892410.73412979,2649534.45064562,1,8.51381455983662,379.524445384613,34.0475377781152,31.1587475214414
"96",-1790005.13636461,2649534.45064562,1,7.77443488073477,512.253455668938,35.1472311094819,64.6748705218363
"97",-1687599.53859943,2649534.45064562,1,7.39123312971618,667.603873408468,48.0589071450438,60.9022684209786
"98",-1585193.94083425,2649534.45064562,1,6.63443041104879,747.230808241378,64.5644041095361,57.2001696818872
"99",-1482788.34306906,2649534.45064562,1,4.35917039555312,940.784777239943,87.3176506378278,100.111412558977
"100",-1380382.74530388,2649534.45064562,1,3.73534606269816,690.902869010017,63.4726592196223,61.3762339047321
"101",-1277977.1475387,2649534.45064562,1,4.13427755052824,484.417594815199,43.5730707788687,35.3569851823527
"102",-1175571.54977352,2649534.45064562,1,4.71967380039098,544.959778439621,43.6355162291405,30.9103847053553
"103",-1073165.95200834,2649534.45064562,1,5.34043364768732,539.817298035232,34.5873657676368,20.0863126272433
"104",-970760.354243158,2649534.45064562,1,7.56440786685305,402.030031563413,13.2412703572224,3.0495646723357
"105",-868354.756477977,2649534.45064562,1,7.87461252529155,378.558521967921,10.427439285147,0.986882309848082
"106",-765949.158712796,2649534.45064562,1,7.34543834911345,366.676342189705,9.40443193430142,1.00050040359666
"107",-663543.560947615,2649534.45064562,1,6.77743620683435,388.428867546039,8.79548035863768,0.502886494969123
"108",-561137.963182434,2649534.45064562,1,6.14430985071667,416.797694767005,7.84229971958039,0.0698065442059186
"109",-458732.365417253,2649534.45064562,1,5.8643171444519,454.950779798218,6.7058309905466,0.0137010885208829
"110",-356326.767652072,2649534.45064562,1,5.59299174436708,480.267186809664,5.92614648559838,0.126530881866207
"111",-253921.16988689,2649534.45064562,1,4.97364538568692,522.695177865978,3.4546042695786,0.0195807124981595
"112",-151515.57212171,2649534.45064562,1,5.09732212765442,567.47288023465,2.28058339483144,0.19886231034016
"113",-49109.9743565284,2649534.45064562,1,5.22408040927528,624.137816544902,1.34275213860429,0.981749376346337
"114",53295.6234086528,2649534.45064562,1,4.63767514593907,674.883956541246,3.50941597526384,23.749713841512
"115",155701.221173834,2649534.45064562,1,4.65401325657279,718.31940725443,3.19261840289785,46.0262683581601
"116",258106.818939015,2649534.45064562,1,4.2923184996471,768.204306364703,3.73856937502349,55.7845943416206
"117",360512.416704196,2649534.45064562,1,4.5380203645399,820.302946856414,6.51903770613437,53.550676656371
"118",462918.014469377,2649534.45064562,1,4.67825684117053,858.045088850265,4.77900378678955,47.1418089435066
"119",565323.612234558,2649534.45064562,1,4.73492020706607,806.640530535161,7.04175992613013,73.6173237201384
"120",667729.20999974,2649534.45064562,1,5.27423214123397,808.307395320132,4.83596588597674,44.847923927112
"121",770134.80776492,2649534.45064562,0.941140397768397,5.55220759861605,857.171868390018,4.35895826834966,32.9253946675527
"122",872540.405530102,2649534.45064562,0.649970051028984,5.64083628141497,854.66436054981,7.82192605039592,44.2360146963767
"123",974946.003295283,2649534.45064562,0.271478727599632,6.0380058563132,820.306499783676,8.99716987340547,12.7255339620371
"124",1077351.60106046,2649534.45064562,NA,NA,NA,NA,NA
"125",1179757.19882564,2649534.45064562,NA,NA,NA,NA,NA
"126",1282162.79659083,2649534.45064562,NA,NA,NA,NA,NA
"127",1384568.39435601,2649534.45064562,NA,NA,NA,NA,NA
"128",1486973.99212119,2649534.45064562,NA,NA,NA,NA,NA
"129",1589379.58988637,2649534.45064562,0.116390386576179,7.19315079615373,1013.71236588521,8.65054722945288,42.1971442926475
"130",1691785.18765155,2649534.45064562,0.452793487484756,5.9537907734261,1107.70279334002,11.7624722373501,90.469766937679
"131",1794190.78541673,2649534.45064562,0.573693027524946,6.52513343286023,1125.00514636108,20.4643024273539,86.8392677265463
"132",1896596.38318191,2649534.45064562,0.761210714843434,5.01714099021123,1236.16118878502,32.3411470121396,118.859589187091
"133",1999001.98094709,2649534.45064562,0.983449436524102,5.9415398755642,1248.80970791653,26.9388757399607,104.12735357176
"134",2101407.57871227,2649534.45064562,0.553290035094213,7.08461155651018,1205.00215277769,10.6332200189297,86.4803501760958
"135",2203813.17647746,2649534.45064562,0.140791668787957,6.9529474248861,1276.89063935475,10.0772261341175,81.1900614859904
"136",-2302033.12519051,2443200.50253143,0.419166538821204,11.829614955009,2459.31505127732,73.1039909517939,238.428934503741
"137",-2199627.52742533,2443200.50253143,1,11.0347217208625,1192.07323471135,71.1137821699385,184.442600430812
"138",-2097221.92966015,2443200.50253143,1,7.63268701561149,785.318463659601,33.1709224468222,127.869510042455
"139",-1994816.33189497,2443200.50253143,1,7.03290997086132,446.322500950675,20.4111114829851,41.2820763750372
"140",-1892410.73412979,2443200.50253143,1,7.60765570564506,285.111139525902,15.4899075874065,4.67875249481554
"141",-1790005.13636461,2443200.50253143,1,8.41312190722405,320.121245499541,22.6866065156964,6.95496736797958
"142",-1687599.53859943,2443200.50253143,1,9.14439869776167,335.475700765389,21.7722673495633,7.97042932301595
"143",-1585193.94083425,2443200.50253143,1,8.66027625613297,493.615822543445,34.9902313153015,21.2500885898959
"144",-1482788.34306906,2443200.50253143,1,4.80977245020423,596.485349824665,54.1867812922977,29.40255588459
"145",-1380382.74530388,2443200.50253143,1,4.52207585155679,386.297711809697,37.8169495963221,8.79667959184922
"146",-1277977.1475387,2443200.50253143,1,4.81684700397172,447.310034542452,23.0724511991261,10.5121252308406
"147",-1175571.54977352,2443200.50253143,1,2.02068153210993,820.639473435534,45.2120738081319,51.0044270171228
"148",-1073165.95200834,2443200.50253143,1,2.11427977681595,651.117843244315,65.994413325424,36.823506322463
"149",-970760.354243158,2443200.50253143,1,7.0050306823697,312.072711211456,23.0486956484662,3.31664699016168
"150",-868354.756477977,2443200.50253143,1,6.09985424744556,467.792111379071,25.9953688417846,12.047699032326
"151",-765949.158712796,2443200.50253143,1,7.68618320999056,384.125948418502,12.1276117586346,1.71206701124463
"152",-663543.560947615,2443200.50253143,1,6.97985628823529,471.421961685031,12.6724326134583,10.6875253319696
"153",-561137.963182434,2443200.50253143,1,7.51927483024834,458.784287211617,9.23796719920576,4.89661132045049
"154",-458732.365417253,2443200.50253143,1,7.80325675351902,468.273447634372,7.40277983551272,0.00655709277331991
"155",-356326.767652072,2443200.50253143,1,7.5688873467488,483.877169120452,6.85623789260878,0.0172566173635231
"156",-253921.16988689,2443200.50253143,1,6.81002069572031,546.497809801571,3.14946772124054,0.0159105448303448
"157",-151515.57212171,2443200.50253143,1,6.58409208878073,599.449670396011,2.05451941772441,0.0567632383069719
"158",-49109.9743565284,2443200.50253143,1,6.34125421397246,661.220967675752,3.17728965832003,0.124520671666858
"159",53295.6234086528,2443200.50253143,1,6.59773390224291,719.951394877061,2.39171555623609,1.15845168035207
"160",155701.221173834,2443200.50253143,1,6.77573715498936,790.772242067509,2.9461766015663,4.64741748242544
"161",258106.818939015,2443200.50253143,1,6.77629107362577,849.298649971123,5.77250786626887,15.1684025881077
"162",360512.416704196,2443200.50253143,1,6.41514929191102,870.450631995883,8.44012021335165,44.4640910649065
"163",462918.014469377,2443200.50253143,1,5.95853766231807,853.241631179167,3.74691938862848,51.6952053127134
"164",565323.612234558,2443200.50253143,1,6.29080826152294,833.894021018996,4.11575979863773,50.9432805297637
"165",667729.20999974,2443200.50253143,1,6.82571949245889,806.168676573597,2.87356329698118,17.303524159114
"166",770134.80776492,2443200.50253143,1,7.60899501826478,884.031226968033,5.85084892976207,27.0639247418028
"167",872540.405530102,2443200.50253143,1,6.82066691652878,865.332599932893,6.09764389516371,62.4505791630731
"168",974946.003295283,2443200.50253143,1,7.28118226358045,802.824246020536,3.05636210602415,38.0812811530239
"169",1077351.60106046,2443200.50253143,0.582393660362389,8.03072181021811,825.263283700325,2.26494100059116,2.44597816822868
"170",1179757.19882564,2443200.50253143,NA,NA,NA,NA,NA
"171",1282162.79659083,2443200.50253143,NA,NA,NA,NA,NA
"172",1384568.39435601,2443200.50253143,0.285395485722963,9.33712789537659,914.440994916157,5.01182889469517,7.65962547832111
"173",1486973.99212119,2443200.50253143,0.483940027159548,9.13216128929163,907.133855304655,5.27935854517261,9.94932931098443
"174",1589379.58988637,2443200.50253143,0.936720416100143,7.81438544920662,1144.52715168674,9.0113245897167,47.4316120541774
"175",1691785.18765155,2443200.50253143,1,6.25010987612927,1245.33167258582,22.4892046668229,87.0992280172526
"176",1794190.78541673,2443200.50253143,1,7.5028225178423,1171.26655452435,28.4703199844801,91.6519045836455
"177",1896596.38318191,2443200.50253143,1,7.54691743922261,1252.46305619696,25.6410480199306,120.010111642188
"178",1999001.98094709,2443200.50253143,0.855386942417759,9.33470862109155,1231.39255394806,9.74559649570452,68.5501240088117
"179",2101407.57871227,2443200.50253143,0.0999178194123296,10.5608354164187,1224.70715934473,4.40870068561555,40.4960044987057
"180",2203813.17647746,2443200.50253143,NA,NA,NA,NA,NA
"181",-2302033.12519051,2236866.55441725,0.850398377003369,12.4392015017287,1547.96056522673,63.0531137950076,181.213366083184
"182",-2199627.52742533,2236866.55441725,1,14.0940649305655,1072.59186084223,48.1896661771767,96.3238419847861
"183",-2097221.92966015,2236866.55441725,1,9.47646779623291,1024.01148241207,40.2920243831667,143.534652635186
"184",-1994816.33189497,2236866.55441725,1,8.59517025622827,368.044885747641,27.3399110667765,16.2169357359962
"185",-1892410.73412979,2236866.55441725,1,9.25735130405277,259.943927546024,27.7146466506848,0.440248644522329
"186",-1790005.13636461,2236866.55441725,1,9.34206334393027,306.132356567235,25.9225882182611,0.656484645984098
"187",-1687599.53859943,2236866.55441725,1,7.83730359625577,326.991225131248,21.206679930222,0.17511433681101
"188",-1585193.94083425,2236866.55441725,1,6.82522609187771,374.438543703653,23.9629222177848,0.838330022176256
"189",-1482788.34306906,2236866.55441725,1,8.24337918961764,320.712433911697,21.2683572717299,1.17715576915988
"190",-1380382.74530388,2236866.55441725,1,8.74820800413019,350.576955823276,18.8915531866006,1.28237191009724
"191",-1277977.1475387,2236866.55441725,1,5.80032085632064,573.597666834184,36.7230209823868,13.7449309230292
"192",-1175571.54977352,2236866.55441725,1,3.37752993331865,450.980194720404,28.5361960259529,17.8262840239862
"193",-1073165.95200834,2236866.55441725,1,3.68313497023097,371.77610983144,26.3188285056441,12.0303368930195
"194",-970760.354243158,2236866.55441725,1,6.36567428132759,263.432720354547,12.7415974593128,0.260766187353251
"195",-868354.756477977,2236866.55441725,1,6.40491307299326,338.431755879618,16.2187425970201,1.1346792297806
"196",-765949.158712796,2236866.55441725,1,7.0849253851316,373.159913049785,14.1132651241801,3.54098187758722
"197",-663543.560947615,2236866.55441725,1,8.17623246970224,400.120574742885,9.64363176585311,2.36272236417825
"198",-561137.963182434,2236866.55441725,1,8.69202061955018,471.807541198261,8.53827224198831,3.36475692129048
"199",-458732.365417253,2236866.55441725,1,8.7673394502385,529.991427268957,7.52044411259341,0.160114828324158
"200",-356326.767652072,2236866.55441725,1,9.00391276225442,571.408132331965,6.38562446553574,0.783986224344194
"201",-253921.16988689,2236866.55441725,1,8.81480094806018,628.104562666957,5.80855701053354,1.34940573605532
"202",-151515.57212171,2236866.55441725,1,8.77657924328451,674.473086412211,4.16900062812219,1.64795651525592
"203",-49109.9743565284,2236866.55441725,1,8.17244223821178,730.372851711413,4.57783344948283,1.36453808384216
"204",53295.6234086528,2236866.55441725,1,7.86072069444101,789.245705279774,3.34164885136568,0.38859595721283
"205",155701.221173834,2236866.55441725,1,7.92170517987854,861.897571689572,1.83560682949682,1.03997304742126
"206",258106.818939015,2236866.55441725,1,7.72764375515413,923.951955443741,3.25652535723188,2.17278452121746
"207",360512.416704196,2236866.55441725,1,7.92269137928349,954.047459643484,9.20845581264711,19.9727696229215
"208",462918.014469377,2236866.55441725,1,8.09028575444299,955.720642618852,10.2187839382923,25.2973023898235
"209",565323.612234558,2236866.55441725,1,8.33183689925612,930.902513402299,4.55453104405671,5.5436816329902
"210",667729.20999974,2236866.55441725,1,8.60881982540264,911.753319622804,2.67761130925282,4.31043446440783
"211",770134.80776492,2236866.55441725,1,8.96928359336338,966.70305034385,2.1122639292357,12.7902456317812
"212",872540.405530102,2236866.55441725,1,8.7870903867605,951.694484106506,3.31732461541218,20.7317844179874
"213",974946.003295283,2236866.55441725,1,8.95110287808853,874.012719890725,2.59625595886422,12.0771084656882
"214",1077351.60106046,2236866.55441725,0.575302347418989,9.32670990842763,864.04971538249,1.32317047267417,8.09265544324183
"215",1179757.19882564,2236866.55441725,0.350527647810957,10.1709022409514,1068.09375703566,1.88279054461186,9.85575720245168
"216",1282162.79659083,2236866.55441725,0.622296222413549,9.24675532009581,1131.68231690858,4.64050063464764,37.8408687886501
"217",1384568.39435601,2236866.55441725,0.938308010366629,8.11488663945681,1181.79481958908,15.918658262197,95.433682296439
"218",1486973.99212119,2236866.55441725,1,7.96480557256356,1054.32222790629,27.9899380270371,101.151997788764
"219",1589379.58988637,2236866.55441725,1,8.6386288098231,1086.01503789162,26.3615198391491,75.2183862030249
"220",1691785.18765155,2236866.55441725,1,8.53540495611507,1231.93520408076,24.3818525627249,89.2052720308246
"221",1794190.78541673,2236866.55441725,0.94781124583,10.2371758888551,1262.8880295956,20.4493458622203,67.5403262722295
"222",1896596.38318191,2236866.55441725,0.572690086954352,10.7099090963067,1252.18293711281,13.2702529842686,59.1522769030855
"223",1999001.98094709,2236866.55441725,0.190990090275291,10.7083338576937,1243.99823674259,9.71245787322381,73.4896976338172
"224",2101407.57871227,2236866.55441725,0.0160001233567311,10.7336591385749,1213.39066147525,4.55522344444154,36.7874712115169
"225",2203813.17647746,2236866.55441725,NA,NA,NA,NA,NA
"226",-2302033.12519051,2030532.60630306,0.572231781128711,14.1427865735216,987.068974741146,40.7931938836496,61.3717071664788
"227",-2199627.52742533,2030532.60630306,0.987486097461959,16.167849440326,534.127478855863,13.2780418830022,2.03835048884369
"228",-2097221.92966015,2030532.60630306,1,12.5588020324822,1249.32993929817,45.6286629493875,143.73467020367
"229",-1994816.33189497,2030532.60630306,1,8.48845420724064,479.129692075954,44.504615944378,43.3898963455967
"230",-1892410.73412979,2030532.60630306,1,10.6399396691283,172.496113586551,24.2511474064006,1.16671932844118
"231",-1790005.13636461,2030532.60630306,1,8.33364630943207,268.132446772212,33.6593349267412,5.55710036009623
"232",-1687599.53859943,2030532.60630306,1,7.72265162195239,289.619955016318,26.96434470919,4.86583346662924
"233",-1585193.94083425,2030532.60630306,1,7.38410518759226,334.281074941971,31.8524142273823,7.9516226048311
"234",-1482788.34306906,2030532.60630306,1,10.3075449176579,232.086116184723,17.1999230755341,2.05169816018069
"235",-1380382.74530388,2030532.60630306,1,10.1178896969439,360.980426508961,22.462571950739,4.15331844770934
"236",-1277977.1475387,2030532.60630306,1,6.05448053273561,585.249099632842,50.3614973589856,27.6071696445544
"237",-1175571.54977352,2030532.60630306,1,6.00193764192536,377.105568029833,30.6256782641364,17.6535067018902
"238",-1073165.95200834,2030532.60630306,1,7.29032616625588,312.755156091184,28.1694990864622,7.04069328124277
"239",-970760.354243158,2030532.60630306,1,5.45058318719797,489.750425072929,28.2460137650015,16.9349498647802
"240",-868354.756477977,2030532.60630306,1,3.25168519102748,600.158861718252,34.6013808543693,46.2056653763503
"241",-765949.158712796,2030532.60630306,1,6.91127124130763,429.884214953241,20.0289707605321,11.9599276641182
"242",-663543.560947615,2030532.60630306,1,9.00160802843566,399.46737910071,5.88216595218011,0.295211825260915
"243",-561137.963182434,2030532.60630306,1,9.65092948769802,446.968172733118,4.71912582613537,0.534717832876855
"244",-458732.365417253,2030532.60630306,1,9.71710046058511,520.026999124843,6.27354061538712,0.232995590653129
"245",-356326.767652072,2030532.60630306,1,9.70016027516404,596.003790646769,5.75343086797196,1.21694135697189
"246",-253921.16988689,2030532.60630306,1,9.71462117600385,661.31193117161,3.90361660622845,0.551763838858932
"247",-151515.57212171,2030532.60630306,1,10.0123985201109,713.897108466755,3.291655864374,1.5228111101156
"248",-49109.9743565284,2030532.60630306,1,10.2131337323561,789.570236555725,4.81247314791448,1.84012881054424
"249",53295.6234086528,2030532.60630306,1,9.96388349117791,869.591411514731,6.45268101164161,2.2564268336678
"250",155701.221173834,2030532.60630306,1,9.83450889659557,925.486575856556,5.15778866934574,8.16138826019783
"251",258106.818939015,2030532.60630306,1,9.90841129539247,954.096512275662,5.07363323589055,11.3300248486448
"252",360512.416704196,2030532.60630306,1,10.3107869045279,963.772231885467,4.15591846563745,13.4105656868247
"253",462918.014469377,2030532.60630306,1,10.2616241628029,966.666830569498,3.44692570892449,11.3828984746827
"254",565323.612234558,2030532.60630306,1,10.2397170984674,961.746547728042,2.96754939649523,6.97999920363895
"255",667729.20999974,2030532.60630306,1,10.4679284364902,990.574959844532,1.81087522529275,4.28580482113792
"256",770134.80776492,2030532.60630306,1,10.3436221615634,1028.62818863448,2.06240935153855,5.57205267053169
"257",872540.405530102,2030532.60630306,1,10.289313156026,1017.34502028684,2.06424814489009,2.14988775286788
"258",974946.003295283,2030532.60630306,1,10.4247711406362,991.848209087703,1.77929522868574,1.41361481919609
"259",1077351.60106046,2030532.60630306,1,10.5650407606108,1017.08168136697,2.60186452517227,3.48449013151069
"260",1179757.19882564,2030532.60630306,1,10.4813047770955,1047.74991485743,8.95115311348174,31.4986063522765
"261",1282162.79659083,2030532.60630306,1,10.6097090827805,1087.31474258041,13.058734421103,57.3544820647991
"262",1384568.39435601,2030532.60630306,1,9.93038782650092,1186.55620197529,18.5778669395032,75.7035031894817
"263",1486973.99212119,2030532.60630306,1,10.3637868872033,1068.06850263464,25.8526312434985,84.7492358687515
"264",1589379.58988637,2030532.60630306,1,11.715695402529,1158.61670609061,16.0846228682641,45.0894048392669
"265",1691785.18765155,2030532.60630306,0.90340800841168,12.5617343065311,1218.43848337415,8.1189741672873,26.7567750222175
"266",1794190.78541673,2030532.60630306,0.663829755935938,12.826060954314,1210.13092932425,2.98262700814352,37.4219794674162
"267",1896596.38318191,2030532.60630306,NA,NA,NA,NA,NA
"268",1999001.98094709,2030532.60630306,NA,NA,NA,NA,NA
"269",2101407.57871227,2030532.60630306,NA,NA,NA,NA,NA
"270",2203813.17647746,2030532.60630306,NA,NA,NA,NA,NA
"271",-2302033.12519051,1824198.65818888,0.172291476981508,13.8713926243417,782.329933585527,47.1509548208868,103.934091438998
"272",-2199627.52742533,1824198.65818888,0.998761952944397,15.5288980151618,422.953988187381,32.3351760126017,7.77177481690023
"273",-2097221.92966015,1824198.65818888,1,16.4887789672468,429.360029400526,16.6846879541955,28.7310267213063
"274",-1994816.33189497,1824198.65818888,1,7.86493956332426,783.172107312603,73.2425295705939,94.454042319929
"275",-1892410.73412979,1824198.65818888,1,12.0245146964917,176.467292066056,45.3312094603306,3.26871898006529
"276",-1790005.13636461,1824198.65818888,1,11.232562618256,197.014849926103,23.1645187450159,2.79186643619665
"277",-1687599.53859943,1824198.65818888,1,11.4312017998755,225.759979659015,26.5759723441098,2.77137925212575
"278",-1585193.94083425,1824198.65818888,1,10.4307557985756,333.810450548173,27.7718259467194,12.4450854806489
"279",-1482788.34306906,1824198.65818888,1,9.47196304032804,344.275291381337,26.7691117946571,13.5796494535556
"280",-1380382.74530388,1824198.65818888,1,7.47304142876813,419.094692061526,37.2429195868616,26.2291649657741
"281",-1277977.1475387,1824198.65818888,1,10.3269262554399,267.381070599442,32.9489871306144,5.87853619802102
"282",-1175571.54977352,1824198.65818888,1,10.4625827816861,320.10034443484,38.436446735715,11.6859583782075
"283",-1073165.95200834,1824198.65818888,1,8.68793805916991,408.194891029229,42.2369172934816,19.5935720164122
"284",-970760.354243158,1824198.65818888,1,4.76911174240796,589.062813388209,59.9215775640084,41.4188688773004
"285",-868354.756477977,1824198.65818888,1,2.675168150362,548.27686379918,60.6490159067183,45.4324701796346
"286",-765949.158712796,1824198.65818888,1,8.10956389105953,457.831598675499,26.0883291964222,20.3534648708321
"287",-663543.560947615,1824198.65818888,1,9.72785511600951,384.519067357023,5.37742324727107,0.130276719776093
"288",-561137.963182434,1824198.65818888,1,10.4933919258784,433.526995129322,3.58154882410854,0.284041097337902
"289",-458732.365417253,1824198.65818888,1,11.1230981600948,497.103215539348,4.31399710998362,0.429022154284113
"290",-356326.767652072,1824198.65818888,1,11.544994839189,573.993319992198,4.62047540676721,0.324222551860372
"291",-253921.16988689,1824198.65818888,1,11.8337473993834,660.914085030998,4.823109911304,1.05503894713994
"292",-151515.57212171,1824198.65818888,1,12.1730969933334,755.571115430271,4.07371968894012,1.78315863780802
"293",-49109.9743565284,1824198.65818888,1,12.0266252816517,857.804011114682,5.41772310290732,3.56310316078767
"294",53295.6234086528,1824198.65818888,1,12.2093906452967,952.210344655007,5.63639373888022,7.88096835521996
"295",155701.221173834,1824198.65818888,1,11.965306780018,1032.91813591117,5.01977888224818,10.5748408879846
"296",258106.818939015,1824198.65818888,1,12.0703615475446,1049.37514405004,4.76720860524445,15.7919138099631
"297",360512.416704196,1824198.65818888,1,12.1784213492096,1048.65883718443,5.03117501356704,23.5373526696367
"298",462918.014469377,1824198.65818888,1,12.3344513492447,1029.97146507082,5.0471972057565,22.7415951982993
"299",565323.612234558,1824198.65818888,1,12.2428582838736,1048.67081356982,1.9285633334109,10.1808302315305
"300",667729.20999974,1824198.65818888,1,12.2983147396833,1111.15825071009,2.00860377631074,10.3124334497587
"301",770134.80776492,1824198.65818888,1,12.1755537754575,1190.25800096562,5.33958163351973,34.1877784455744
"302",872540.405530102,1824198.65818888,1,12.1810875425251,1212.82765237139,5.40325743220403,33.781545942275
"303",974946.003295283,1824198.65818888,1,12.3274668474885,1182.37803226532,7.71264145076983,26.5393777551362
"304",1077351.60106046,1824198.65818888,1,12.1220210040984,1170.21505450759,10.5005354878731,46.4116398485949
"305",1179757.19882564,1824198.65818888,1,12.3726442996059,1152.77355251518,14.3984832879433,83.7014979911036
"306",1282162.79659083,1824198.65818888,1,11.6539904894235,1249.74434576317,25.0784484743975,123.236121455518
"307",1384568.39435601,1824198.65818888,1,10.1183625362866,1252.43119300496,38.1216200352883,135.404863774945
"308",1486973.99212119,1824198.65818888,1,12.3300534453472,1130.45311593953,26.0337035957446,99.3510065294413
"309",1589379.58988637,1824198.65818888,0.974536576395203,13.8892192470474,1148.29528346949,5.7854230342022,94.4498471379793
"310",1691785.18765155,1824198.65818888,0.592496643890369,14.8406435821498,1207.40279557995,3.23312257752807,83.9986939971908
"311",1794190.78541673,1824198.65818888,0.252329938343298,14.573445515154,1176.77155738319,1.75753151918321,49.5873868991678
"312",1896596.38318191,1824198.65818888,NA,NA,NA,NA,NA
"313",1999001.98094709,1824198.65818888,NA,NA,NA,NA,NA
"314",2101407.57871227,1824198.65818888,NA,NA,NA,NA,NA
"315",2203813.17647746,1824198.65818888,NA,NA,NA,NA,NA
"316",-2302033.12519051,1617864.71007469,NA,NA,NA,NA,NA
"317",-2199627.52742533,1617864.71007469,0.582820246076504,15.0638240504349,482.059571271174,32.7802300745332,1.55710942942697
"318",-2097221.92966015,1617864.71007469,0.983789732276583,16.3494320499459,318.373590958479,26.9177084391189,6.34794064143371
"319",-1994816.33189497,1617864.71007469,1,14.2233004896557,381.158754809013,46.8071367962985,51.1058739715183
"320",-1892410.73412979,1617864.71007469,1,17.4208311039156,142.376965923107,32.898022692426,0.718698212575667
"321",-1790005.13636461,1617864.71007469,1,18.2483002201858,138.671660543549,29.7894682869206,1.14103869608997
"322",-1687599.53859943,1617864.71007469,1,17.8463196996345,181.209531443819,29.5034394631205,1.77557062512453
"323",-1585193.94083425,1617864.71007469,1,16.8577979953798,237.370151094708,37.4459380820609,2.46890962722205
"324",-1482788.34306906,1617864.71007469,1,12.4546736799042,360.329262061311,32.5198766646197,8.75936015760688
"325",-1380382.74530388,1617864.71007469,1,12.3472710560593,269.709352160131,27.4755889676128,7.84461073201905
"326",-1277977.1475387,1617864.71007469,1,12.2796928562096,209.006177337055,26.0738670578926,3.24879731733547
"327",-1175571.54977352,1617864.71007469,1,11.4072741126134,248.05341598248,20.7782419737103,7.33400883379784
"328",-1073165.95200834,1617864.71007469,1,9.00478466614427,384.049501074782,27.7894349609345,16.9914332250072
"329",-970760.354243158,1617864.71007469,1,5.51661411934567,592.254596668994,48.9002071196985,37.252906650744
"330",-868354.756477977,1617864.71007469,1,5.37633562405752,396.574561569748,28.2096556977965,21.996884100211
"331",-765949.158712796,1617864.71007469,1,8.75091516250475,455.606513528257,25.6789370328352,20.8094699826686
"332",-663543.560947615,1617864.71007469,1,11.4515395746945,377.224311578521,9.92280229073808,0.859325191056446
"333",-561137.963182434,1617864.71007469,1,12.3210279450594,419.122399090262,3.85117879573678,0.089455156056519
"334",-458732.365417253,1617864.71007469,1,12.8141230312481,478.629854432007,2.44197559675494,0.0897589658538687
"335",-356326.767652072,1617864.71007469,1,13.2307451510477,570.516115836615,3.72564965815071,0.0688176961768251
"336",-253921.16988689,1617864.71007469,1,13.7297552692199,694.473109188135,3.2458610383206,0.853389346366552
"337",-151515.57212171,1617864.71007469,1,13.9236778699118,840.225491421146,2.23036645556021,0.392344163987482
"338",-49109.9743565284,1617864.71007469,1,13.7086971001455,962.414083496458,5.23252560990876,3.55068557038969
"339",53295.6234086528,1617864.71007469,1,13.7438945073505,1075.62464405796,3.70011003002086,6.28380316471936
"340",155701.221173834,1617864.71007469,1,13.6148396801761,1149.17324249712,4.59730616482156,16.0459635273575
"341",258106.818939015,1617864.71007469,1,13.3534887744469,1152.06420262088,8.25554220314734,40.4157678951173
"342",360512.416704196,1617864.71007469,1,13.1953010639049,1178.3950588777,8.75481574889986,56.0301301085445
"343",462918.014469377,1617864.71007469,1,13.4680342250486,1183.79658844445,10.5187143071804,74.5178513610327
"344",565323.612234558,1617864.71007469,1,13.9813618808147,1215.45499561125,4.27810402620886,23.1142034052366
"345",667729.20999974,1617864.71007469,1,14.1502260340241,1267.58445897879,5.18378230000664,29.9593780015236
"346",770134.80776492,1617864.71007469,1,14.1847656174412,1293.97444370136,6.03689797564017,35.1727455225894
"347",872540.405530102,1617864.71007469,1,13.9817056469637,1333.49733835829,9.02637643823645,40.7768561788356
"348",974946.003295283,1617864.71007469,1,13.4430653208484,1360.43327436767,13.4548506673486,55.7243414453119
"349",1077351.60106046,1617864.71007469,1,13.2763570854987,1339.363669743,25.2002700767167,88.2436016217708
"350",1179757.19882564,1617864.71007469,1,12.9764251361277,1238.5537959876,32.5063563433276,95.1872366782569
"351",1282162.79659083,1617864.71007469,1,11.8104326906236,1251.62133835359,34.1552060384214,113.189691528575
"352",1384568.39435601,1617864.71007469,1,13.5144488585398,1196.18063520442,16.5364723724934,105.57736522761
"353",1486973.99212119,1617864.71007469,1,14.722030367,1180.23622495245,6.52273862885722,96.5705320076019
"354",1589379.58988637,1617864.71007469,1,15.406016276193,1209.59355826768,4.03469898428757,116.477921373451
"355",1691785.18765155,1617864.71007469,0.953596574790277,16.1692422256948,1301.46479686583,1.82613288496986,111.232000602259
"356",1794190.78541673,1617864.71007469,0.263716699073899,16.9854659990747,1362.17848175542,1.45844615669444,100.034566976869
"357",1896596.38318191,1617864.71007469,NA,NA,NA,NA,NA
"358",1999001.98094709,1617864.71007469,NA,NA,NA,NA,NA
"359",2101407.57871227,1617864.71007469,NA,NA,NA,NA,NA
"360",2203813.17647746,1617864.71007469,NA,NA,NA,NA,NA
"361",-2302033.12519051,1411530.7619605,NA,NA,NA,NA,NA
"362",-2199627.52742533,1411530.7619605,0.022958349467872,14.4195803300249,326.323561337267,40.3274694934885,0
"363",-2097221.92966015,1411530.7619605,0.137954871114096,16.5233019520604,374.42603278221,36.2046502115147,0.0924050183949716
"364",-1994816.33189497,1411530.7619605,0.626776734057207,17.1812802824864,393.626443714316,32.9460411411126,10.7181226350735
"365",-1892410.73412979,1411530.7619605,1,16.8842769800049,302.93865160367,40.0818767927624,15.5845038953045
"366",-1790005.13636461,1411530.7619605,1,20.6135064668066,111.92565355596,24.5329574973473,0.0177739774291406
"367",-1687599.53859943,1411530.7619605,1,21.6405791781346,140.074115890254,16.744450462405,0.0102251934438878
"368",-1585193.94083425,1411530.7619605,1,18.3482491133812,263.299171608025,22.8506126853443,1.37721458105524
"369",-1482788.34306906,1411530.7619605,1,15.1058726334413,397.996683300441,24.8403923304476,10.1375200657369
"370",-1380382.74530388,1411530.7619605,1,12.1085627784607,456.93803782766,24.2585582933371,26.7192515460381
"371",-1277977.1475387,1411530.7619605,1,11.861208779288,289.837329748401,11.4977045266747,8.99038385917213
"372",-1175571.54977352,1411530.7619605,1,10.1301578660074,285.619633973065,13.2086657265375,6.88655660359911
"373",-1073165.95200834,1411530.7619605,1,9.70924410445653,302.212384000968,16.3577565393999,7.89416253939894
"374",-970760.354243158,1411530.7619605,1,11.0404910650913,336.080786874989,20.7449002591039,12.3714956468136
"375",-868354.756477977,1411530.7619605,1,9.96200540427572,423.170326548427,21.6498027706685,19.2412560930986
"376",-765949.158712796,1411530.7619605,1,12.3264433568934,407.142084993196,13.0070144381762,1.83807704028252
"377",-663543.560947615,1411530.7619605,1,13.4629464067981,423.127547138873,6.94929611179014,0.0302925387564311
"378",-561137.963182434,1411530.7619605,1,13.7395934368326,460.966990199313,4.16684142822845,0.029159981208119
"379",-458732.365417253,1411530.7619605,1,14.4605085413755,547.950159073656,5.70793918766639,0.183283594847521
"380",-356326.767652072,1411530.7619605,1,14.8938027454683,622.524476492432,5.68546089995164,0.683984456977929
"381",-253921.16988689,1411530.7619605,1,15.2833085170389,739.624587750189,5.06478906844984,3.93293903721868
"382",-151515.57212171,1411530.7619605,1,15.5707901067663,881.978778239013,4.08436478576983,8.56048182608525
"383",-49109.9743565284,1411530.7619605,1,15.6747617673643,1013.93527484395,6.05657113027605,32.8688129456908
"384",53295.6234086528,1411530.7619605,1,15.6274124560899,1143.03276453653,7.72177518523855,35.7533933735763
"385",155701.221173834,1411530.7619605,1,15.1314400627607,1266.26205621012,15.2156670215332,48.9676240504251
"386",258106.818939015,1411530.7619605,1,14.9756804099737,1280.29051240557,20.4205772261448,67.8402783333721
"387",360512.416704196,1411530.7619605,1,15.3122341763147,1283.39826248544,10.8522258159412,53.2295652663087
"388",462918.014469377,1411530.7619605,1,15.8045341597162,1291.59536261709,2.38313558563956,19.7835756613879
"389",565323.612234558,1411530.7619605,1,15.8151903364717,1359.04981579252,2.8632873784516,23.259678252469
"390",667729.20999974,1411530.7619605,1,15.3729876224213,1431.92422672333,5.71142673943465,59.7193938291331
"391",770134.80776492,1411530.7619605,1,15.0822713266772,1451.18279457999,8.80276763864985,63.068273546911
"392",872540.405530102,1411530.7619605,1,14.9625177165508,1447.84175793997,14.0055223630415,43.6104842272587
"393",974946.003295283,1411530.7619605,1,14.5484740981529,1481.94264568099,17.6648251436121,67.7239285972973
"394",1077351.60106046,1411530.7619605,1,14.005949355583,1559.36864172942,28.6065665480939,116.074405798439
"395",1179757.19882564,1411530.7619605,1,14.0708491811962,1459.31527123478,29.9374529819588,117.406273392469
"396",1282162.79659083,1411530.7619605,1,15.7634353567244,1243.82910239427,9.89133729344167,90.7813726498701
"397",1384568.39435601,1411530.7619605,1,16.5145705156008,1164.04920276504,5.71074407783729,79.6978461595579
"398",1486973.99212119,1411530.7619605,1,16.9160948661414,1231.94967653521,3.39381513268723,80.407860190889
"399",1589379.58988637,1411530.7619605,0.85640324144009,17.0863691002556,1334.97472393663,1.82053029868488,100.576760306077
"400",1691785.18765155,1411530.7619605,0.345419254862276,17.1626998097938,1456.93721012437,1.60493153871751,110.705089121877
"401",1794190.78541673,1411530.7619605,0.0256919734705249,17.6019340504857,1508.63614852217,0.915282860065251,89.0464559285696
"402",1896596.38318191,1411530.7619605,NA,NA,NA,NA,NA
"403",1999001.98094709,1411530.7619605,NA,NA,NA,NA,NA
"404",2101407.57871227,1411530.7619605,NA,NA,NA,NA,NA
"405",2203813.17647746,1411530.7619605,NA,NA,NA,NA,NA
"406",-2302033.12519051,1205196.81384632,NA,NA,NA,NA,NA
"407",-2199627.52742533,1205196.81384632,NA,NA,NA,NA,NA
"408",-2097221.92966015,1205196.81384632,NA,NA,NA,NA,NA
"409",-1994816.33189497,1205196.81384632,0.031605588733683,17.3294302213911,264.964932879536,18.1971972834282,0
"410",-1892410.73412979,1205196.81384632,0.228005106062993,17.4197718314029,333.402779331263,37.3663093040876,10.3052664321579
"411",-1790005.13636461,1205196.81384632,0.291676286126949,22.9799663439319,72.973656476928,11.1041993191193,0.101562173212975
"412",-1687599.53859943,1205196.81384632,0.597115623645484,22.6883401923064,106.124143964441,9.96136432324812,0.00273491862879803
"413",-1585193.94083425,1205196.81384632,0.892158914020259,22.1237224318883,165.497087084136,10.4453765675544,0.00448924782982353
"414",-1482788.34306906,1205196.81384632,1,21.5922970814345,232.673064163036,10.3721741290604,0.128902215655114
"415",-1380382.74530388,1205196.81384632,1,18.835431237943,376.851768599566,30.7891968373767,3.95385947849065
"416",-1277977.1475387,1205196.81384632,1,14.632945684015,416.890563231542,28.6934156311883,18.2069749513626
"417",-1175571.54977352,1205196.81384632,1,12.0301243656288,431.061105450909,30.1955344171328,27.3236456972589
"418",-1073165.95200834,1205196.81384632,1,12.3255041217072,351.682405291282,22.1635040076039,11.7392361246709
"419",-970760.354243158,1205196.81384632,1,14.7523682523378,276.055766921797,13.7368834654341,0.770469269859551
"420",-868354.756477977,1205196.81384632,1,12.3202559709197,415.852560176014,19.0988997449728,12.5542938963304
"421",-765949.158712796,1205196.81384632,1,15.5228282865233,336.002296138615,4.94637413397821,6.45433258146863e-05
"422",-663543.560947615,1205196.81384632,1,14.99085121179,415.801488509731,2.15120344789248,0.0152411771956449
"423",-561137.963182434,1205196.81384632,1,15.3075709969353,470.527731248553,2.01128595017706,0.0121312461734611
"424",-458732.365417253,1205196.81384632,1,16.431689508861,556.733265682451,5.86223567723532,0.186074419577687
"425",-356326.767652072,1205196.81384632,1,17.2556009630731,639.828622017714,4.15292094937507,0.824236993275126
"426",-253921.16988689,1205196.81384632,1,17.4150148529176,750.306830715514,3.8548067493577,3.02993771128292
"427",-151515.57212171,1205196.81384632,1,17.2168522291705,910.188380028198,4.91586765002719,12.9279469100343
"428",-49109.9743565284,1205196.81384632,1,17.1924480716248,1067.95046750706,4.2716219733685,24.2418980588554
"429",53295.6234086528,1205196.81384632,1,17.1119829079964,1224.93317903597,8.11343706381347,33.7295207969947
"430",155701.221173834,1205196.81384632,1,16.8310129533572,1382.38859727982,9.25864942655882,54.4132879075123
"431",258106.818939015,1205196.81384632,1,16.861935260206,1413.67211139633,6.61868239351684,73.7410106288236
"432",360512.416704196,1205196.81384632,1,17.1834970289124,1387.55454574002,2.53323967888304,56.9617584588703
"433",462918.014469377,1205196.81384632,1,17.4441268904567,1394.7031237593,1.21419850873323,23.4532475503948
"434",565323.612234558,1205196.81384632,1,16.951871400526,1472.34406326787,4.30089797808762,66.7204613670524
"435",667729.20999974,1205196.81384632,1,17.0411324445909,1474.29308017952,4.29781581617091,70.7593500423439
"436",770134.80776492,1205196.81384632,1,16.8320513056472,1490.61105786536,7.58044528534372,74.9931639533258
"437",872540.405530102,1205196.81384632,1,16.7867597900097,1449.8130057955,10.4896073629044,54.7637474168505
"438",974946.003295283,1205196.81384632,1,16.4832438889569,1375.59988193787,9.18045046134907,66.4650197093425
"439",1077351.60106046,1205196.81384632,1,16.8276327020029,1303.98341199989,6.5966704191583,66.8759970396483
"440",1179757.19882564,1205196.81384632,1,17.4018712044715,1218.77795864797,5.60543990030875,66.806184800131
"441",1282162.79659083,1205196.81384632,1,18.032107428267,1193.81811270383,4.66957530627771,60.916177181196
"442",1384568.39435601,1205196.81384632,0.966384754319579,18.527494367186,1232.81767092382,2.66831672023426,77.9682970565062
"443",1486973.99212119,1205196.81384632,0.539387903738422,18.4425962292693,1310.12763407643,1.66166212554622,73.4875513382051
"444",1589379.58988637,1205196.81384632,0.0282181167728591,18.2033286196451,1401.04384965594,1.54052180162502,73.437792184514
"445",1691785.18765155,1205196.81384632,NA,NA,NA,NA,NA
"446",1794190.78541673,1205196.81384632,NA,NA,NA,NA,NA
"447",1896596.38318191,1205196.81384632,NA,NA,NA,NA,NA
"448",1999001.98094709,1205196.81384632,NA,NA,NA,NA,NA
"449",2101407.57871227,1205196.81384632,NA,NA,NA,NA,NA
"450",2203813.17647746,1205196.81384632,NA,NA,NA,NA,NA
"451",-2302033.12519051,998862.865732132,NA,NA,NA,NA,NA
"452",-2199627.52742533,998862.865732132,NA,NA,NA,NA,NA
"453",-2097221.92966015,998862.865732132,NA,NA,NA,NA,NA
"454",-1994816.33189497,998862.865732132,NA,NA,NA,NA,NA
"455",-1892410.73412979,998862.865732132,NA,NA,NA,NA,NA
"456",-1790005.13636461,998862.865732132,NA,NA,NA,NA,NA
"457",-1687599.53859943,998862.865732132,NA,NA,NA,NA,NA
"458",-1585193.94083425,998862.865732132,0.00281800983692105,21.4188544630378,254.201556261856,9.06184930681043,0.044963929629085
"459",-1482788.34306906,998862.865732132,0.18233931455232,19.0098671495176,372.634882379455,12.592894155739,2.07368010424717
"460",-1380382.74530388,998862.865732132,0.381742285929765,17.0001030291306,411.114507092321,26.3976101730572,5.91909782972936
"461",-1277977.1475387,998862.865732132,0.455827803100749,16.1466900774782,371.227490615981,28.6264832287469,4.90680477876345
"462",-1175571.54977352,998862.865732132,0.45761711479732,15.6780697256531,298.020078775313,16.0221662122989,0.633593145305457
"463",-1073165.95200834,998862.865732132,0.342930032420567,16.8329967828816,241.358209341831,8.53422092864435,0.00304662017341661
"464",-970760.354243158,998862.865732132,0.518486813363309,17.3372730312019,251.252605884817,9.75279093161416,0.0685150374237247
"465",-868354.756477977,998862.865732132,0.955216124741038,16.2294519600313,298.270457379072,15.6248086534017,0.0906299356482976
"466",-765949.158712796,998862.865732132,1,17.3918268482987,326.425932232366,8.2813427339325,0.0316659527605553
"467",-663543.560947615,998862.865732132,1,18.0078196063515,339.303688492848,2.42614709030406,7.44508672385976e-05
"468",-561137.963182434,998862.865732132,1,17.9446815729222,407.719590990558,3.31283243213013,0.00172630751582825
"469",-458732.365417253,998862.865732132,1,17.8199305236202,534.304847117497,5.85413803453154,0.151198563018813
"470",-356326.767652072,998862.865732132,1,18.159273526893,658.128518280834,4.84842654539991,2.10474758014714
"471",-253921.16988689,998862.865732132,1,18.2586145907768,788.298068511491,6.15996996644588,8.69347112117554
"472",-151515.57212171,998862.865732132,1,18.8086840906931,914.298841725856,5.81283731275362,9.39287859258278
"473",-49109.9743565284,998862.865732132,1,19.0028042865926,1039.09461793077,3.3513823774278,8.78830503646674
"474",53295.6234086528,998862.865732132,1,18.8068601641752,1184.8318765891,5.01647946370105,25.2192470176423
"475",155701.221173834,998862.865732132,1,18.7084710403776,1331.8661750009,4.57463967003729,44.6262413941293
"476",258106.818939015,998862.865732132,1,18.6887580014426,1434.75100994313,3.96142487791825,60.1064716316921
"477",360512.416704196,998862.865732132,1,18.7236694278096,1476.6689706487,2.62780943493895,52.0001984046677
"478",462918.014469377,998862.865732132,1,18.6476309479009,1521.614239828,3.57556827228639,81.6003624400069
"479",565323.612234558,998862.865732132,1,18.4168159473508,1532.06468177269,4.27116202969796,81.2447025595543
"480",667729.20999974,998862.865732132,1,18.2987535012284,1535.8251117707,4.6601923095972,94.8269349622267
"481",770134.80776492,998862.865732132,1,18.366626691456,1521.2242368928,4.95422097582515,84.2699084154468
"482",872540.405530102,998862.865732132,1,18.5800791192218,1506.79564075666,4.97930026642579,71.8107011012726
"483",974946.003295283,998862.865732132,1,18.6875354935291,1432.43058719905,4.71824697987532,61.5151758261329
"484",1077351.60106046,998862.865732132,1,18.9960550133733,1342.27840211009,3.86392006914909,48.4219715632417
"485",1179757.19882564,998862.865732132,1,19.2524203161418,1279.26979047361,2.9790567163389,46.8098361503181
"486",1282162.79659083,998862.865732132,1,19.5569320808965,1268.08060494125,1.86413922248617,69.9527952896192
"487",1384568.39435601,998862.865732132,0.552593900698421,20.0140401398156,1289.50474586711,1.83103822865822,76.3375986868826
"488",1486973.99212119,998862.865732132,NA,NA,NA,NA,NA
"489",1589379.58988637,998862.865732132,NA,NA,NA,NA,NA
"490",1691785.18765155,998862.865732132,NA,NA,NA,NA,NA
"491",1794190.78541673,998862.865732132,NA,NA,NA,NA,NA
"492",1896596.38318191,998862.865732132,NA,NA,NA,NA,NA
"493",1999001.98094709,998862.865732132,NA,NA,NA,NA,NA
"494",2101407.57871227,998862.865732132,NA,NA,NA,NA,NA
"495",2203813.17647746,998862.865732132,NA,NA,NA,NA,NA
"496",-2302033.12519051,792528.917617946,NA,NA,NA,NA,NA
"497",-2199627.52742533,792528.917617946,NA,NA,NA,NA,NA
"498",-2097221.92966015,792528.917617946,NA,NA,NA,NA,NA
"499",-1994816.33189497,792528.917617946,NA,NA,NA,NA,NA
"500",-1892410.73412979,792528.917617946,NA,NA,NA,NA,NA
"501",-1790005.13636461,792528.917617946,NA,NA,NA,NA,NA
"502",-1687599.53859943,792528.917617946,NA,NA,NA,NA,NA
"503",-1585193.94083425,792528.917617946,NA,NA,NA,NA,NA
"504",-1482788.34306906,792528.917617946,NA,NA,NA,NA,NA
"505",-1380382.74530388,792528.917617946,NA,NA,NA,NA,NA
"506",-1277977.1475387,792528.917617946,NA,NA,NA,NA,NA
"507",-1175571.54977352,792528.917617946,NA,NA,NA,NA,NA
"508",-1073165.95200834,792528.917617946,NA,NA,NA,NA,NA
"509",-970760.354243158,792528.917617946,NA,NA,NA,NA,NA
"510",-868354.756477977,792528.917617946,0.143403238536636,18.9570989682254,288.349147528107,20.0104858271693,0.149242172122781
"511",-765949.158712796,792528.917617946,0.830012299477011,17.6435651019799,334.182766626904,20.4996936147103,0.628408194958499
"512",-663543.560947615,792528.917617946,0.813307459480045,18.8798754412385,325.401984933948,20.2027908972622,0.073034403586768
"513",-561137.963182434,792528.917617946,0.641980464436044,19.3421856196459,413.190007562709,13.4435230243623,0.0146653886752539
"514",-458732.365417253,792528.917617946,0.939899586167762,19.1415590631477,547.996388038144,6.63225036061199,1.41422259841226
"515",-356326.767652072,792528.917617946,1,18.7343942025296,681.544464650684,8.9896582026667,17.1856569077858
"516",-253921.16988689,792528.917617946,1,19.3874475256003,804.612008694768,8.32406566296596,17.9499138593061
"517",-151515.57212171,792528.917617946,1,20.0795014172684,904.747361058133,4.99894368263099,6.9000232069625
"518",-49109.9743565284,792528.917617946,1,20.3679956067399,1074.70900173923,3.13924305850261,5.42527471909731
"519",53295.6234086528,792528.917617946,0.989703675511765,20.4753854416622,1319.49762910084,2.40154637232712,22.6180322747024
"520",155701.221173834,792528.917617946,0.808192176346346,20.170782871512,1498.45399717153,2.41720107405487,39.3327955422086
"521",258106.818939015,792528.917617946,0.72257639558327,19.9234696612172,1574.65769488422,1.85281433217937,38.0811765922152
"522",360512.416704196,792528.917617946,0.776678208992908,20.0809086786304,1585.48578241801,1.31195512517631,21.2439267140151
"523",462918.014469377,792528.917617946,0.879429309628656,20.1069675495657,1622.44589375492,1.75793445612803,53.7691112599188
"524",565323.612234558,792528.917617946,0.805982283760569,20.4776090871079,1656.13813885442,1.74867609972903,39.0755519790109
"525",667729.20999974,792528.917617946,0.4185246774435,20.2233829441623,1678.08144255656,2.70141484282901,54.4382320008521
"526",770134.80776492,792528.917617946,0.249724546541099,19.701365072394,1702.08781919845,3.20275644564373,48.9114979837847
"527",872540.405530102,792528.917617946,0.183198729949409,19.9061453424784,1705.68515323256,3.60002028243852,70.9313003721977
"528",974946.003295283,792528.917617946,0.254170688353507,19.9055755853681,1574.26891285288,2.81772452973968,79.935925227552
"529",1077351.60106046,792528.917617946,0.40794736764848,19.9904401831852,1502.42423219963,1.99347910711595,98.622079390509
"530",1179757.19882564,792528.917617946,0.309918523252122,20.1620215905359,1411.61991993255,1.62162504334146,94.7055864833571
"531",1282162.79659083,792528.917617946,0.742038076715476,20.8272284397569,1363.2183914863,1.54764765744816,78.2795390718919
"532",1384568.39435601,792528.917617946,0.945289056739735,21.514097970588,1331.11321526294,2.39058811449943,68.8055491934683
"533",1486973.99212119,792528.917617946,0.279431233154722,22.3618875611286,1336.3549448174,1.29430112152696,50.0450907633963
"534",1589379.58988637,792528.917617946,NA,NA,NA,NA,NA
"535",1691785.18765155,792528.917617946,NA,NA,NA,NA,NA
"536",1794190.78541673,792528.917617946,NA,NA,NA,NA,NA
"537",1896596.38318191,792528.917617946,NA,NA,NA,NA,NA
"538",1999001.98094709,792528.917617946,NA,NA,NA,NA,NA
"539",2101407.57871227,792528.917617946,NA,NA,NA,NA,NA
"540",2203813.17647746,792528.917617946,NA,NA,NA,NA,NA
"541",-2302033.12519051,586194.96950376,NA,NA,NA,NA,NA
"542",-2199627.52742533,586194.96950376,NA,NA,NA,NA,NA
"543",-2097221.92966015,586194.96950376,NA,NA,NA,NA,NA
"544",-1994816.33189497,586194.96950376,NA,NA,NA,NA,NA
"545",-1892410.73412979,586194.96950376,NA,NA,NA,NA,NA
"546",-1790005.13636461,586194.96950376,NA,NA,NA,NA,NA
"547",-1687599.53859943,586194.96950376,NA,NA,NA,NA,NA
"548",-1585193.94083425,586194.96950376,NA,NA,NA,NA,NA
"549",-1482788.34306906,586194.96950376,NA,NA,NA,NA,NA
"550",-1380382.74530388,586194.96950376,NA,NA,NA,NA,NA
"551",-1277977.1475387,586194.96950376,NA,NA,NA,NA,NA
"552",-1175571.54977352,586194.96950376,NA,NA,NA,NA,NA
"553",-1073165.95200834,586194.96950376,NA,NA,NA,NA,NA
"554",-970760.354243158,586194.96950376,NA,NA,NA,NA,NA
"555",-868354.756477977,586194.96950376,NA,NA,NA,NA,NA
"556",-765949.158712796,586194.96950376,NA,NA,NA,NA,NA
"557",-663543.560947615,586194.96950376,0.00323503400113089,21.6635660684887,240.276838538728,23.552184751714,0.230892197044741
"558",-561137.963182434,586194.96950376,NA,NA,NA,NA,NA
"559",-458732.365417253,586194.96950376,0.153412987363215,21.8191409647822,528.064406376443,3.71479230636215,0.00297545095676703
"560",-356326.767652072,586194.96950376,0.84481221366416,22.2499396389317,565.984103763025,3.0481728113455,0.158890690269555
"561",-253921.16988689,586194.96950376,1,22.0223152394483,663.775996607554,3.19913001850554,0.150967253680064
"562",-151515.57212171,586194.96950376,0.911663335531863,21.828267927981,825.68621127923,2.19263104586911,0.183048247271331
"563",-49109.9743565284,586194.96950376,0.447113451008048,21.5270365494196,1071.13056624233,0.888300119646442,0.555104004949462
"564",53295.6234086528,586194.96950376,0.206099825627169,21.2972362612212,1221.82429146526,0.988605826310691,2.38595524289696
"565",155701.221173834,586194.96950376,0.00114317201464504,21.5812374239843,1274.63496910147,0.834744296015002,0
"566",258106.818939015,586194.96950376,NA,NA,NA,NA,NA
"567",360512.416704196,586194.96950376,NA,NA,NA,NA,NA
"568",462918.014469377,586194.96950376,0.000764598156233409,21.2076299718656,1585.16665996348,0.326480925121565,0
"569",565323.612234558,586194.96950376,0.000387284171461473,21.4783781696153,1577.11030358969,0.485413670326982,0
"570",667729.20999974,586194.96950376,0.00383996168352579,21.7202986638244,1691.66458754532,0.495833228566442,0
"571",770134.80776492,586194.96950376,NA,NA,NA,NA,NA
"572",872540.405530102,586194.96950376,NA,NA,NA,NA,NA
"573",974946.003295283,586194.96950376,NA,NA,NA,NA,NA
"574",1077351.60106046,586194.96950376,NA,NA,NA,NA,NA
"575",1179757.19882564,586194.96950376,NA,NA,NA,NA,NA
"576",1282162.79659083,586194.96950376,0.126308591509665,22.8334822772094,1348.20142632373,1.42454171929464,26.1316417537597
"577",1384568.39435601,586194.96950376,0.846947941891211,22.9418174066339,1365.67501460157,1.51150499371427,21.8021374480457
"578",1486973.99212119,586194.96950376,0.962789761002646,23.0079895603548,1288.36965798271,0.902196756781875,13.1547407785127
"579",1589379.58988637,586194.96950376,0.291269044460348,23.7534187337652,1447.61944578256,0.632093045468025,3.73449376806797
"580",1691785.18765155,586194.96950376,NA,NA,NA,NA,NA
"581",1794190.78541673,586194.96950376,NA,NA,NA,NA,NA
"582",1896596.38318191,586194.96950376,NA,NA,NA,NA,NA
"583",1999001.98094709,586194.96950376,NA,NA,NA,NA,NA
"584",2101407.57871227,586194.96950376,NA,NA,NA,NA,NA
"585",2203813.17647746,586194.96950376,NA,NA,NA,NA,NA
"586",-2302033.12519051,379861.021389575,NA,NA,NA,NA,NA
"587",-2199627.52742533,379861.021389575,NA,NA,NA,NA,NA
"588",-2097221.92966015,379861.021389575,NA,NA,NA,NA,NA
"589",-1994816.33189497,379861.021389575,NA,NA,NA,NA,NA
"590",-1892410.73412979,379861.021389575,NA,NA,NA,NA,NA
"591",-1790005.13636461,379861.021389575,NA,NA,NA,NA,NA
"592",-1687599.53859943,379861.021389575,NA,NA,NA,NA,NA
"593",-1585193.94083425,379861.021389575,NA,NA,NA,NA,NA
"594",-1482788.34306906,379861.021389575,NA,NA,NA,NA,NA
"595",-1380382.74530388,379861.021389575,NA,NA,NA,NA,NA
"596",-1277977.1475387,379861.021389575,NA,NA,NA,NA,NA
"597",-1175571.54977352,379861.021389575,NA,NA,NA,NA,NA
"598",-1073165.95200834,379861.021389575,NA,NA,NA,NA,NA
"599",-970760.354243158,379861.021389575,NA,NA,NA,NA,NA
"600",-868354.756477977,379861.021389575,NA,NA,NA,NA,NA
"601",-765949.158712796,379861.021389575,NA,NA,NA,NA,NA
"602",-663543.560947615,379861.021389575,NA,NA,NA,NA,NA
"603",-561137.963182434,379861.021389575,NA,NA,NA,NA,NA
"604",-458732.365417253,379861.021389575,NA,NA,NA,NA,NA
"605",-356326.767652072,379861.021389575,0.130191737141932,23.6118497474583,523.388305457401,6.26209398661716,0.00504387945728479
"606",-253921.16988689,379861.021389575,0.615190779088562,23.3492348112268,582.090946059055,2.27604925434652,0.0163803576626719
"607",-151515.57212171,379861.021389575,0.463787498907989,23.2084009271997,683.178501856287,0.608668625240161,0.365270402750497
"608",-49109.9743565284,379861.021389575,NA,NA,NA,NA,NA
"609",53295.6234086528,379861.021389575,NA,NA,NA,NA,NA
"610",155701.221173834,379861.021389575,NA,NA,NA,NA,NA
"611",258106.818939015,379861.021389575,NA,NA,NA,NA,NA
"612",360512.416704196,379861.021389575,NA,NA,NA,NA,NA
"613",462918.014469377,379861.021389575,NA,NA,NA,NA,NA
"614",565323.612234558,379861.021389575,NA,NA,NA,NA,NA
"615",667729.20999974,379861.021389575,NA,NA,NA,NA,NA
"616",770134.80776492,379861.021389575,NA,NA,NA,NA,NA
"617",872540.405530102,379861.021389575,NA,NA,NA,NA,NA
"618",974946.003295283,379861.021389575,NA,NA,NA,NA,NA
"619",1077351.60106046,379861.021389575,NA,NA,NA,NA,NA
"620",1179757.19882564,379861.021389575,NA,NA,NA,NA,NA
"621",1282162.79659083,379861.021389575,NA,NA,NA,NA,NA
"622",1384568.39435601,379861.021389575,0.0291517869025199,24.0310491592097,1389.28592778894,1.12220337679545,25.4754374577949
"623",1486973.99212119,379861.021389575,0.419415191919551,24.4328562312214,1382.82861596279,0.802050015349249,3.72944656269062
"624",1589379.58988637,379861.021389575,0.294719651940274,24.7545855213539,1403.26112420451,0.510553854594334,0.915143886411703
"625",1691785.18765155,379861.021389575,NA,NA,NA,NA,NA
"626",1794190.78541673,379861.021389575,NA,NA,NA,NA,NA
"627",1896596.38318191,379861.021389575,NA,NA,NA,NA,NA
"628",1999001.98094709,379861.021389575,NA,NA,NA,NA,NA
"629",2101407.57871227,379861.021389575,NA,NA,NA,NA,NA
"630",2203813.17647746,379861.021389575,NA,NA,NA,NA,NA
