"","x","y","land_perc","temp","phyto","velo","diversity","active","upper","lower","right","left","upper_left","upper_right","lower_left","lower_right"
"1",-2155000,7426291.28571429,0,277.168917239186,2.59873895591128,15.9933422858765,0.06,1,0,1,0,0,0,0,0,0
"2",-2065000,7426291.28571429,NA,NA,NA,NA,NA,0,0,0,0,0,0,0,0,0
"3",-1975000,7426291.28571429,0,278.459416572426,1.70707945881125,1.8364339290093,0.02,1,0,1,1,0,0,0,0,1
"4",-1885000,7426291.28571429,0,278.474981693177,1.69276029332416,1.84084696143655,0.02,1,0,1,0,1,0,0,1,1
"5",-1795000,7426291.28571429,NA,NA,NA,NA,NA,0,0,0,0,0,0,0,0,0
"6",-1705000,7426291.28571429,NA,NA,NA,NA,NA,0,0,0,0,0,0,0,0,0
"7",-1615000,7426291.28571429,0,278.24378577088,1.78891503639508,2.87583591563761,0.04,1,0,1,1,0,0,0,1,1
"8",-1525000,7426291.28571429,0,278.214998340521,2.20014325406698,4.08241125718404,0.16,1,0,1,1,1,0,0,1,1
"9",-1435000,7426291.28571429,0,277.023656065327,2.83516372669199,26.3446242503511,0.12,1,0,1,1,1,0,0,1,1
"10",-1345000,7426291.28571429,0.204542529807567,275.839828370529,3.65139508290155,26.3855021996753,0.12,1,0,1,1,1,0,0,1,1
"11",-1255000,7426291.28571429,0.155535200839552,276.639647392296,3.00187819347571,33.2338817312573,0.18,1,0,1,1,1,0,0,1,1
"12",-1165000,7426291.28571429,0,279.013406010931,2.19793141642421,21.2511126644981,0.12,1,0,1,1,1,0,0,1,1
"13",-1075000,7426291.28571429,0,279.609312865492,1.80751381313825,4.02046215513903,0.24,1,0,1,1,1,0,0,1,1
"14",-985000,7426291.28571429,0,279.792968618429,1.72824404717391,2.41623092182389,0.18,1,0,1,1,1,0,0,1,1
"15",-895000,7426291.28571429,0,280.08801280404,1.695909575745,2.85082009479076,0.2,1,0,1,1,1,0,0,1,1
"16",-805000,7426291.28571429,0,280.484119648854,1.6971213069712,2.97425518753093,0.24,1,0,1,1,1,0,0,1,1
"17",-715000,7426291.28571429,0,280.884122806351,1.70070306820428,4.10849116747146,0.32,1,0,1,1,1,0,0,1,1
"18",-625000,7426291.28571429,0,281.24977585042,1.69791696348565,3.80319055928075,0.22,1,0,1,1,1,0,0,1,1
"19",-535000,7426291.28571429,0,281.618711860126,1.62951522274643,9.34139061167144,0.36,1,0,1,1,1,0,0,1,1
"20",-445000,7426291.28571429,0,281.982902464247,1.55664108925207,11.340354958542,0.36,1,0,1,1,1,0,0,1,1
"21",-355000,7426291.28571429,0,282.293971536957,1.53553419192312,6.97828823981455,0.36,1,0,1,1,1,0,0,1,1
"22",-265000,7426291.28571429,0,282.546834699388,1.53570765271783,4.20702566927205,0.22,1,0,1,1,1,0,0,1,1
"23",-175000,7426291.28571429,0,282.741632708469,1.52019055323642,3.40603221445358,0.26,1,0,1,1,1,0,0,1,1
"24",-85000,7426291.28571429,0,282.899221220924,1.51470694671539,2.43039451805745,0.28,1,0,1,1,1,0,0,1,1
"25",5000,7426291.28571429,0,283.057751367027,1.50339912432754,3.21228812729459,0.34,1,0,1,1,1,0,0,1,1
"26",95000,7426291.28571429,0,283.175717757156,1.49140740025291,5.53201161445436,0.44,1,0,1,1,1,0,0,1,1
"27",185000,7426291.28571429,0,283.218531573982,1.47382045875319,5.35168984388772,0.4,1,0,1,1,1,0,0,1,1
"28",275000,7426291.28571429,0,283.231646874845,1.46618552311396,4.01628082831458,0.4,1,0,1,1,1,0,0,1,1
"29",365000,7426291.28571429,0,283.303258213166,1.4744698466241,5.63580078641929,0.5,1,0,1,1,1,0,0,1,1
"30",455000,7426291.28571429,0,283.295694710758,1.46011123927265,6.1608344449021,0.44,1,0,1,1,1,0,0,1,1
"31",545000,7426291.28571429,0,283.117569233239,1.58248646979741,4.25685526694896,0.48,1,0,1,1,1,0,0,1,1
"32",635000,7426291.28571429,0,282.808781521269,1.93066934852757,3.75571298338585,0.36,1,0,1,1,1,0,0,1,1
"33",725000,7426291.28571429,0.00997583609848848,282.448167792512,2.15515512937466,3.98095504601996,0.38,1,0,1,1,1,0,0,1,1
"34",815000,7426291.28571429,0,282.906404797443,2.08496964787773,7.71148892873134,0.34,1,0,1,1,1,0,0,1,1
"35",905000,7426291.28571429,0,283.387695482895,2.1723303140743,12.803343362122,0.4,1,0,1,1,1,0,0,1,1
"36",995000,7426291.28571429,0.0930387147038669,283.220102789956,2.53410619100077,5.4649363743471,0.44,1,0,1,1,1,0,0,1,1
"37",1085000,7426291.28571429,0,283.262354867947,2.31496509538539,3.19064804917708,0.36,1,0,1,1,1,0,0,1,1
"38",1175000,7426291.28571429,0,283.268311937081,2.25614755334626,2.65545974982871,0.26,1,0,1,1,1,0,0,1,1
"39",1265000,7426291.28571429,0,283.337493746442,2.42194732803825,2.23177433875303,0.34,1,0,1,1,1,0,0,1,1
"40",1355000,7426291.28571429,0.0677823628868036,283.186110788114,2.11162830389437,8.87515729832704,0.3,1,0,1,1,1,0,0,1,1
"41",1445000,7426291.28571429,0.720782479017599,282.91475376805,2.8931378207405,3.03908545752862,0.28,1,0,1,0,1,0,0,1,1
"42",1535000,7426291.28571429,NA,NA,NA,NA,NA,0,0,0,0,0,0,0,0,0
"43",1625000,7426291.28571429,0.699709464522059,283.503106810919,2.34190447650826,21.169541306519,0.12,1,0,1,1,0,0,0,1,1
"44",1715000,7426291.28571429,0.00185770508602293,283.542632361106,2.21190441448459,13.5913450983649,0.22,1,0,1,1,1,0,0,1,1
"45",1805000,7426291.28571429,6.67308276813409e-05,283.410425105795,2.55724582679363,10.8801695350876,0.24,1,0,1,0,1,0,0,1,0
"46",-2155000,7278873.85714286,0,276.195736552248,3.18464527839723,26.7144736916143,0.04,1,1,1,0,0,0,0,0,1
"47",-2065000,7278873.85714286,NA,NA,NA,NA,NA,0,0,0,0,0,0,0,0,0
"48",-1975000,7278873.85714286,0,278.495458645924,1.83667276427109,3.25074955155137,0.02,1,1,1,1,0,0,1,1,1
"49",-1885000,7278873.85714286,0,278.676928732734,1.6997695944623,3.0345735761601,0.06,1,1,1,1,1,1,0,1,1
"50",-1795000,7278873.85714286,0,278.642335077986,1.67593977798564,1.53745307431901,0.04,1,0,1,1,1,1,0,1,1
"51",-1705000,7278873.85714286,0,278.594916188427,1.67267926564889,2.23356473309216,0.1,1,0,1,1,1,0,1,1,1
"52",-1615000,7278873.85714286,0,278.603979052368,1.68734960062593,3.36701779306687,0.1,1,1,1,1,1,0,1,1,1
"53",-1525000,7278873.85714286,0,278.690641277315,1.71724728042721,2.94414903909079,0.1,1,1,1,1,1,1,1,1,1
"54",-1435000,7278873.85714286,0,278.765357744286,1.84233598356742,3.61990045512339,0.1,1,1,1,1,1,1,1,1,1
"55",-1345000,7278873.85714286,0,278.797386370169,2.07497967917483,8.35213044328185,0.1,1,1,1,1,1,1,1,1,1
"56",-1255000,7278873.85714286,0,279.020411338752,1.93792441200863,7.60131747845202,0.08,1,1,1,1,1,1,1,1,1
"57",-1165000,7278873.85714286,0,279.241505748941,1.74467127794565,3.58314793831071,0.2,1,1,1,1,1,1,1,1,1
"58",-1075000,7278873.85714286,0,279.559640621747,1.68437924916316,2.96668721047858,0.22,1,1,1,1,1,1,1,1,1
"59",-985000,7278873.85714286,0,279.96881834296,1.68027643978663,3.29866737592223,0.26,1,1,1,1,1,1,1,1,1
"60",-895000,7278873.85714286,0,280.384203307536,1.67668626710226,3.63516266796648,0.22,1,1,1,1,1,1,1,1,1
"61",-805000,7278873.85714286,0,280.8089566028,1.69803168052292,3.2037648654253,0.24,1,1,1,1,1,1,1,1,1
"62",-715000,7278873.85714286,0,281.231401002205,1.69561365486767,5.17028712546123,0.32,1,1,1,1,1,1,1,1,1
"63",-625000,7278873.85714286,0,281.665634758242,1.61889367312768,9.81686320952668,0.24,1,1,1,1,1,1,1,1,1
"64",-535000,7278873.85714286,0,282.079605430403,1.56122483692558,10.4028248235763,0.32,1,1,1,1,1,1,1,1,1
"65",-445000,7278873.85714286,0,282.371579720966,1.5628810299775,5.48193754441812,0.2,1,1,1,1,1,1,1,1,1
"66",-355000,7278873.85714286,0,282.633402699509,1.54523872570845,2.70362928059802,0.4,1,1,1,1,1,1,1,1,1
"67",-265000,7278873.85714286,0,282.843491227863,1.52600580475407,2.93115337170382,0.34,1,1,1,1,1,1,1,1,1
"68",-175000,7278873.85714286,0,283.066604575725,1.52229741688905,3.53341769181713,0.34,1,1,1,1,1,1,1,1,1
"69",-85000,7278873.85714286,0,283.304511795711,1.52880481841623,6.86230625966864,0.34,1,1,1,1,1,1,1,1,1
"70",5000,7278873.85714286,0,283.412060357468,1.52935530307442,6.02368530115233,0.34,1,1,1,1,1,1,1,1,1
"71",95000,7278873.85714286,0,283.490984824873,1.53436151241432,5.83582583943248,0.3,1,1,1,1,1,1,1,1,1
"72",185000,7278873.85714286,0,283.48363002766,1.53565885654496,5.36629620774392,0.28,1,1,1,1,1,1,1,1,1
"73",275000,7278873.85714286,0,283.551260985217,1.52493429748533,5.18143506275019,0.42,1,1,1,1,1,1,1,1,1
"74",365000,7278873.85714286,0,283.686503598746,1.54427524307533,6.09913358353867,0.3,1,1,1,1,1,1,1,1,1
"75",455000,7278873.85714286,0,283.720246087749,1.58763146993916,2.93757961695517,0.38,1,1,1,1,1,1,1,1,1
"76",545000,7278873.85714286,0,283.677534619029,1.63872238247355,4.73681552347253,0.38,1,1,1,1,1,1,1,1,1
"77",635000,7278873.85714286,0,283.716089536866,1.64897880162609,5.62923800987324,0.5,1,1,1,1,1,1,1,1,1
"78",725000,7278873.85714286,0,283.826138180805,1.73583185171864,8.25732553660856,0.52,1,1,1,1,1,1,1,1,1
"79",815000,7278873.85714286,0,283.809888199201,2.22475366252952,10.1665042707233,0.6,1,1,1,1,1,1,1,1,1
"80",905000,7278873.85714286,0.0089353273429102,283.516656199043,2.43598207526601,7.9573902566472,0.46,1,1,1,1,1,1,1,1,1
"81",995000,7278873.85714286,0.0536524367698638,283.059719822077,2.6297169204504,7.50551586375036,0.46,1,1,1,1,1,1,1,1,1
"82",1085000,7278873.85714286,0,283.245003574176,2.23272635327704,4.0134070624911,0.48,1,1,1,1,1,1,1,1,1
"83",1175000,7278873.85714286,0,283.347384367855,1.94191048986332,3.25870471669677,0.22,1,1,1,1,1,1,1,1,1
"84",1265000,7278873.85714286,0,283.43559255272,1.99499392070115,5.15642830072312,0.42,1,1,1,1,1,1,1,1,1
"85",1355000,7278873.85714286,0,283.417644550369,2.04177931817616,6.67949062568395,0.44,1,1,1,1,1,1,1,1,1
"86",1445000,7278873.85714286,0.0612454426392655,283.436847447622,2.20222441688644,7.47785382153477,0.36,1,1,1,1,1,1,0,1,1
"87",1535000,7278873.85714286,0.238361208841395,283.542178697635,2.2538018986899,9.5357616777624,0.36,1,0,1,1,1,1,1,1,1
"88",1625000,7278873.85714286,0.0453279762580003,283.682919293932,2.00827600410878,13.9470234156624,0.42,1,1,1,1,1,0,1,1,1
"89",1715000,7278873.85714286,0.509330307634476,283.707382583593,2.33603233339255,10.3804725819566,0.4,1,1,1,1,1,1,1,1,0
"90",1805000,7278873.85714286,0.32699955298012,283.481505661474,1.77129085330405,6.54046144838537,0.18,1,1,0,0,1,1,0,1,0
"91",-2155000,7131456.42857143,0,275.327359550301,3.22101109886509,9.82869981450544,0.12,1,1,1,1,0,0,0,0,1
"92",-2065000,7131456.42857143,0,276.180739022926,3.56236518446255,24.2292065642541,0.1,1,0,1,1,1,1,1,1,1
"93",-1975000,7131456.42857143,0,278.067165167253,2.62895619013973,14.1791282864101,0.18,1,1,1,1,1,0,1,1,1
"94",-1885000,7131456.42857143,0,278.914547408034,1.87280813539264,1.97656317706205,0.16,1,1,1,1,1,1,1,1,1
"95",-1795000,7131456.42857143,0,279.061155212756,1.71053988866957,1.27730062522087,0.24,1,1,1,1,1,1,1,1,1
"96",-1705000,7131456.42857143,0,278.926669542291,1.64102359318515,2.52391763324982,0.16,1,1,1,1,1,1,1,1,1
"97",-1615000,7131456.42857143,0,278.83168485198,1.60630580660629,2.79669245485905,0.16,1,1,1,1,1,1,1,1,1
"98",-1525000,7131456.42857143,0,278.809702200959,1.62342277732212,2.87978018791346,0.18,1,1,1,1,1,1,1,1,1
"99",-1435000,7131456.42857143,0,278.845213304605,1.61711007282043,1.8645110436459,0.16,1,1,1,1,1,1,1,1,1
"100",-1345000,7131456.42857143,0,278.990282845528,1.61133386620402,2.15451166007012,0.2,1,1,1,1,1,1,1,1,1
"101",-1255000,7131456.42857143,0,279.26203215151,1.62437278759851,1.86197295261387,0.18,1,1,1,1,1,1,1,1,1
"102",-1165000,7131456.42857143,0,279.600534920206,1.62007705777478,2.30800965696655,0.24,1,1,1,1,1,1,1,1,1
"103",-1075000,7131456.42857143,0,280.021646585836,1.64051102670747,2.65609675060693,0.18,1,1,1,1,1,1,1,1,1
"104",-985000,7131456.42857143,0,280.435556256975,1.65238886959163,2.97503556837906,0.26,1,1,1,1,1,1,1,1,1
"105",-895000,7131456.42857143,0,280.83677442062,1.6704374668339,5.07657870056597,0.36,1,1,1,1,1,1,1,1,1
"106",-805000,7131456.42857143,0,281.212896201776,1.67306328384808,6.7577330169327,0.32,1,1,1,1,1,1,1,1,1
"107",-715000,7131456.42857143,0,281.654535661032,1.6057697099481,6.1895067126488,0.34,1,1,1,1,1,1,1,1,1
"108",-625000,7131456.42857143,0,282.10259977388,1.57398910040398,5.57140319233251,0.14,1,1,1,1,1,1,1,1,1
"109",-535000,7131456.42857143,0,282.35624967193,1.59421252435853,3.73218102644441,0.14,1,1,1,1,1,1,1,1,1
"110",-445000,7131456.42857143,0,282.602086912617,1.59946212808978,1.73306827638044,0.24,1,1,1,1,1,1,1,1,1
"111",-355000,7131456.42857143,0,282.937699569029,1.60465102018957,4.41514319150261,0.24,1,1,1,1,1,1,1,1,1
"112",-265000,7131456.42857143,0,283.226304114914,1.58264173098032,4.55310116593378,0.28,1,1,1,1,1,1,1,1,1
"113",-175000,7131456.42857143,0,283.477942380225,1.56121505505462,8.18541372178866,0.3,1,1,1,1,1,1,1,1,1
"114",-85000,7131456.42857143,0,283.627242967435,1.56302556652639,6.85962971913616,0.38,1,1,1,1,1,1,1,1,1
"115",5000,7131456.42857143,0,283.749655826526,1.57331861436184,4.19932346466455,0.38,1,1,1,1,1,1,1,1,1
"116",95000,7131456.42857143,0,283.904278131588,1.52908421360049,6.74120361088087,0.38,1,1,1,1,1,1,1,1,1
"117",185000,7131456.42857143,0,283.89271330645,1.52104528404168,3.57392153662599,0.42,1,1,1,1,1,1,1,1,1
"118",275000,7131456.42857143,0,283.927656496177,1.55265888362155,4.66778703349665,0.34,1,1,1,1,1,1,1,1,1
"119",365000,7131456.42857143,0,284.058214815425,1.6319622824531,3.73800521678417,0.36,1,1,1,1,1,1,1,1,1
"120",455000,7131456.42857143,0,284.28987663318,1.70889641095293,3.07609134569471,0.36,1,1,1,1,1,1,1,1,1
"121",545000,7131456.42857143,0,284.342265089549,1.69724984482281,3.94003579581588,0.42,1,1,1,1,1,1,1,1,1
"122",635000,7131456.42857143,0,284.378318699325,1.84527374441706,6.42279847700537,0.26,1,1,1,1,1,1,1,1,1
"123",725000,7131456.42857143,0.0408799635326543,284.099949819825,2.41412512671228,8.24105973186889,0.3,1,1,1,1,1,1,1,1,1
"124",815000,7131456.42857143,0.173417383582869,283.657707116536,2.62472528418035,7.19465634192303,0.3,1,1,1,1,1,1,1,1,0
"125",905000,7131456.42857143,0.773211364028367,283.222736385643,3.11467682203862,5.86498345858765,0.18,1,1,0,1,1,1,1,1,0
"126",995000,7131456.42857143,0.364802688900202,283.169661365531,2.79335773586174,5.27050741081299,0.24,1,1,0,1,1,1,1,0,1
"127",1085000,7131456.42857143,0.121929468385174,283.201221732498,2.34923060951497,5.84382130233911,0.58,1,1,1,1,1,1,1,0,1
"128",1175000,7131456.42857143,0,283.494754408779,2.02780271941225,4.60142996836789,0.38,1,1,1,1,1,1,1,1,1
"129",1265000,7131456.42857143,0,283.636849753632,1.79511743274148,2.8297605864017,0.32,1,1,1,1,1,1,1,1,1
"130",1355000,7131456.42857143,0,283.553856498817,1.67181492672259,2.12591232977971,0.38,1,1,1,1,1,1,1,1,1
"131",1445000,7131456.42857143,0,283.556926275066,1.67169251045124,3.15297925128121,0.34,1,1,1,1,1,1,1,1,1
"132",1535000,7131456.42857143,0,283.794978761825,1.53671481145359,4.91030777448792,0.28,1,1,1,1,1,1,1,1,1
"133",1625000,7131456.42857143,0,283.975669133373,1.90400830727169,4.99185045297669,0.36,1,1,1,1,1,1,1,1,1
"134",1715000,7131456.42857143,0.629231807874052,283.798332746129,2.55804249201816,2.74659558981942,0.1,1,1,1,0,1,1,1,1,1
"135",1805000,7131456.42857143,NA,NA,NA,NA,NA,0,0,0,0,0,0,0,0,0
"136",-2155000,6984039,0,275.625844930742,3.41081425433117,8.20843507367467,0.2,1,1,1,1,0,0,1,0,1
"137",-2065000,6984039,0,276.231485212404,3.51349275957885,21.2650442330417,0.28,1,1,1,1,1,1,1,1,1
"138",-1975000,6984039,0,278.45579734976,2.6435079740228,12.8594728799811,0.32,1,1,1,1,1,1,1,1,1
"139",-1885000,6984039,0,279.596226047527,1.94627774417084,2.21966458244883,0.22,1,1,1,1,1,1,1,1,1
"140",-1795000,6984039,0,279.749608727402,1.75319643210194,2.82621448341382,0.3,1,1,1,1,1,1,1,1,1
"141",-1705000,6984039,0,279.573475115418,1.63710634050357,3.27502319214196,0.3,1,1,1,1,1,1,1,1,1
"142",-1615000,6984039,0,279.366046569357,1.59896510142747,3.23277846949265,0.2,1,1,1,1,1,1,1,1,1
"143",-1525000,6984039,0,279.344090147097,1.60543369462188,2.47210982970171,0.14,1,1,1,1,1,1,1,1,1
"144",-1435000,6984039,0,279.378380115632,1.60688987558921,1.983134153222,0.18,1,1,1,1,1,1,1,1,1
"145",-1345000,6984039,0,279.525101055447,1.58019345142031,1.81165317090157,0.24,1,1,1,1,1,1,1,1,1
"146",-1255000,6984039,0,279.793974323798,1.59224412333696,2.10999540396271,0.16,1,1,1,1,1,1,1,1,1
"147",-1165000,6984039,0,280.151001231345,1.61264050166691,2.43853372125831,0.24,1,1,1,1,1,1,1,1,1
"148",-1075000,6984039,0,280.515570106561,1.64083114811283,2.7711977756576,0.3,1,1,1,1,1,1,1,1,1
"149",-985000,6984039,0,280.89544448451,1.65093631183077,4.14841246227245,0.3,1,1,1,1,1,1,1,1,1
"150",-895000,6984039,0,281.278220876047,1.65552366038479,5.10998498370614,0.22,1,1,1,1,1,1,1,1,1
"151",-805000,6984039,0,281.671873054477,1.63846454433219,2.59302276111809,0.14,1,1,1,1,1,1,1,1,1
"152",-715000,6984039,0,281.99100694835,1.62494020265973,2.96126018074441,0.14,1,1,1,1,1,1,1,1,1
"153",-625000,6984039,0,282.262409234044,1.61878021739961,2.29482728563196,0.16,1,1,1,1,1,1,1,1,1
"154",-535000,6984039,0,282.53035109591,1.60750609302442,4.3938444601917,0.2,1,1,1,1,1,1,1,1,1
"155",-445000,6984039,0,282.809080566948,1.61736410137515,3.19214852902571,0.18,1,1,1,1,1,1,1,1,1
"156",-355000,6984039,0,283.164001561602,1.61329721504871,4.57133978270392,0.16,1,1,1,1,1,1,1,1,1
"157",-265000,6984039,0,283.56037461805,1.57704714748391,7.53245891902034,0.28,1,1,1,1,1,1,1,1,1
"158",-175000,6984039,0,283.885480142517,1.5565458068118,7.84024422547725,0.22,1,1,1,1,1,1,1,1,1
"159",-85000,6984039,0,284.032968642982,1.57998586240809,5.09334988590564,0.24,1,1,1,1,1,1,1,1,1
"160",5000,6984039,0,284.270673971495,1.54002417649489,7.84669392570593,0.3,1,1,1,1,1,1,1,1,1
"161",95000,6984039,0,284.311825926059,1.5514479254222,3.62260714830689,0.2,1,1,1,1,1,1,1,1,1
"162",185000,6984039,0,284.310358399096,1.58174372517229,3.73666742809018,0.32,1,1,1,1,1,1,1,1,1
"163",275000,6984039,0,284.278729711244,1.6571107159675,4.4373048452944,0.42,1,1,1,1,1,1,1,1,1
"164",365000,6984039,0,284.189309018286,1.89241447375665,2.67025014363585,0.42,1,1,1,1,1,1,1,1,1
"165",455000,6984039,0,284.6648845505,1.7461554400327,5.5072530507603,0.56,1,1,1,1,1,1,1,1,1
"166",545000,6984039,0,284.807714276938,1.6970095338455,4.23082957137254,0.52,1,1,1,1,1,1,1,1,1
"167",635000,6984039,0,284.763991483871,1.97041918052162,6.0978331515409,0.38,1,1,1,1,1,1,1,1,1
"168",725000,6984039,0.0435401072135132,284.208271973516,2.47864574326399,4.93914826196686,0.24,1,1,1,1,1,1,1,1,1
"169",815000,6984039,0.259718792378872,283.801330794945,2.47126831418549,5.49541219100671,0.08,1,1,1,0,1,1,1,1,1
"170",905000,6984039,NA,NA,NA,NA,NA,0,0,0,0,0,0,0,0,0
"171",995000,6984039,NA,NA,NA,NA,NA,0,0,0,0,0,0,0,0,0
"172",1085000,6984039,0.198791154831773,283.106775094495,3.26091922174888,2.61893588446034,0.38,1,1,0,1,0,1,1,0,1
"173",1175000,6984039,0,283.576781522694,2.02632652555483,2.86074929280534,0.4,1,1,1,1,1,1,1,0,1
"174",1265000,6984039,0,283.851636622127,1.71673544939493,2.94318132443276,0.34,1,1,1,1,1,1,1,1,1
"175",1355000,6984039,0,283.87864621313,1.63924290153798,3.26340385242959,0.34,1,1,1,1,1,1,1,1,1
"176",1445000,6984039,0,283.871153568374,1.58656543642714,2.94655478894227,0.3,1,1,1,1,1,1,1,1,1
"177",1535000,6984039,0,284.094315520333,1.31013339516394,2.56744998161608,0.32,1,1,1,1,1,1,1,1,1
"178",1625000,6984039,0,284.429355924699,1.67629523712436,3.01668480591759,0.32,1,1,1,1,1,1,1,1,1
"179",1715000,6984039,0.00923442218093899,284.221327551471,2.68398396609095,2.58519418470366,0.22,1,1,1,1,1,1,0,1,0
"180",1805000,6984039,0.436074664868263,284.271520760686,4.86131428959143,1.815465562089,0.12,1,0,0,0,1,1,0,1,0
"181",-2155000,6836621.57142857,0,276.535285110393,2.92168632442827,5.94042659901821,0.22,1,1,1,1,0,0,1,0,1
"182",-2065000,6836621.57142857,0,276.70681311031,3.27271532182403,14.1079115086435,0.22,1,1,1,1,1,1,1,1,1
"183",-1975000,6836621.57142857,0,278.634591478836,2.76329962952002,16.4467495189036,0.22,1,1,1,1,1,1,1,1,1
"184",-1885000,6836621.57142857,0,280.354318497876,2.00360101587114,2.66266976380264,0.22,1,1,1,1,1,1,1,1,1
"185",-1795000,6836621.57142857,0,280.688203617099,1.80203082741697,3.66066848571409,0.18,1,1,1,1,1,1,1,1,1
"186",-1705000,6836621.57142857,0,280.628107648567,1.70672197338734,4.47077124984292,0.28,1,1,1,1,1,1,1,1,1
"187",-1615000,6836621.57142857,0,280.488413685915,1.64645346311367,3.49582188140812,0.26,1,1,1,1,1,1,1,1,1
"188",-1525000,6836621.57142857,0,280.277352393232,1.61035557750411,3.89476312517792,0.22,1,1,1,1,1,1,1,1,1
"189",-1435000,6836621.57142857,0,280.059703288368,1.59884971997038,2.33896771181573,0.32,1,1,1,1,1,1,1,1,1
"190",-1345000,6836621.57142857,0,280.076311370437,1.5793911222469,2.21393420531529,0.3,1,1,1,1,1,1,1,1,1
"191",-1255000,6836621.57142857,0,280.255451135973,1.58849969882665,2.22197003139567,0.32,1,1,1,1,1,1,1,1,1
"192",-1165000,6836621.57142857,0,280.633576398379,1.61871766038008,2.17966985257426,0.2,1,1,1,1,1,1,1,1,1
"193",-1075000,6836621.57142857,0,280.982061619048,1.63719275441509,2.55003875079275,0.18,1,1,1,1,1,1,1,1,1
"194",-985000,6836621.57142857,0,281.297098644416,1.6371801927436,3.51425024843572,0.1,1,1,1,1,1,1,1,1,1
"195",-895000,6836621.57142857,0,281.60483307501,1.610237084656,1.83015450396054,0.16,1,1,1,1,1,1,1,1,1
"196",-805000,6836621.57142857,0,281.894427806919,1.57613451519776,2.27407826495615,0.24,1,1,1,1,1,1,1,1,1
"197",-715000,6836621.57142857,0,282.141678081531,1.52504920682067,3.11439836128084,0.18,1,1,1,1,1,1,1,1,1
"198",-625000,6836621.57142857,0,282.467357426248,1.49957196808432,4.99627566787431,0.2,1,1,1,1,1,1,1,1,1
"199",-535000,6836621.57142857,0,282.806563488205,1.54480156283363,3.88862484572646,0.16,1,1,1,1,1,1,1,1,1
"200",-445000,6836621.57142857,0,283.166842317934,1.5655390796811,2.34626387977647,0.28,1,1,1,1,1,1,1,1,1
"201",-355000,6836621.57142857,0,283.625031948761,1.55605982662011,7.68184219783913,0.34,1,1,1,1,1,1,1,1,1
"202",-265000,6836621.57142857,0,283.984249500799,1.54544824732134,8.20787318654894,0.26,1,1,1,1,1,1,1,1,1
"203",-175000,6836621.57142857,0,284.257385573015,1.55461547221065,4.88072923348867,0.3,1,1,1,1,1,1,1,1,1
"204",-85000,6836621.57142857,0,284.487869459955,1.57102597564464,4.89424201433218,0.28,1,1,1,1,1,1,1,1,1
"205",5000,6836621.57142857,0,284.700920600221,1.54352698091023,5.54238468734893,0.36,1,1,1,1,1,1,1,1,1
"206",95000,6836621.57142857,0,284.778494195424,1.56471766064669,4.43925493908953,0.34,1,1,1,1,1,1,1,1,1
"207",185000,6836621.57142857,0,284.697064467013,1.63309172405112,4.71783004942325,0.34,1,1,1,1,1,1,1,1,1
"208",275000,6836621.57142857,0,284.565799738173,1.75801290776984,4.36127382470506,0.48,1,1,1,1,1,1,1,1,1
"209",365000,6836621.57142857,0,284.911457121324,1.74780608958489,6.00070403926614,0.46,1,1,1,1,1,1,1,1,1
"210",455000,6836621.57142857,0,285.147625418716,1.68896687182878,5.31610072415343,0.6,1,1,1,1,1,1,1,1,1
"211",545000,6836621.57142857,0,285.116184480655,1.72191514001047,4.15377097576316,0.64,1,1,1,1,1,1,1,1,1
"212",635000,6836621.57142857,0,285.098527903115,1.93625476065431,5.08218197694236,0.66,1,1,1,1,1,1,1,1,1
"213",725000,6836621.57142857,0.0231265451513587,284.795952035245,2.64728354460963,5.33493421344846,0.58,1,1,1,1,1,1,1,1,0
"214",815000,6836621.57142857,0.134268442798276,284.140117105605,3.10776609155165,4.96811653898414,0.5,1,1,0,1,1,1,0,1,1
"215",905000,6836621.57142857,0.356380301569696,283.841996360486,3.60420683635468,2.31800083251197,0.14,1,0,1,0,1,1,0,0,1
"216",995000,6836621.57142857,NA,NA,NA,NA,NA,0,0,0,0,0,0,0,0,0
"217",1085000,6836621.57142857,NA,NA,NA,NA,NA,0,0,0,0,0,0,0,0,0
"218",1175000,6836621.57142857,0.456730053132968,283.51472502854,2.87010619796188,2.93011230779368,0.28,1,1,0,1,0,1,1,1,0
"219",1265000,6836621.57142857,0.0626812540708038,283.846877166298,2.41688115006474,2.77978029041671,0.36,1,1,0,1,1,1,1,0,1
"220",1355000,6836621.57142857,0,283.864123585858,1.77304508195654,2.25801126291239,0.36,1,1,1,1,1,1,1,0,1
"221",1445000,6836621.57142857,0,284.222494317992,1.45467381093928,1.98245434275302,0.32,1,1,1,1,1,1,1,1,1
"222",1535000,6836621.57142857,0,284.628205383677,1.48934602718374,2.59838685797849,0.34,1,1,1,1,1,1,1,1,1
"223",1625000,6836621.57142857,0.0761774478891448,284.7828918151,3.05656334037438,4.02804446541261,0.36,1,1,1,1,1,1,1,1,0
"224",1715000,6836621.57142857,0.0981674490011196,284.512905692589,3.54024920150261,3.33899025191982,0.2,1,1,0,0,1,1,1,1,0
"225",1805000,6836621.57142857,NA,NA,NA,NA,NA,0,0,0,0,0,0,0,0,0
"226",-2155000,6689204.14285714,0,277.279713918969,2.74293668989602,5.70404562692569,0.16,1,1,1,1,0,0,1,0,1
"227",-2065000,6689204.14285714,0,277.196054674446,3.02295333222192,9.14653126802959,0.12,1,1,1,1,1,1,1,1,1
"228",-1975000,6689204.14285714,0,278.604509957859,2.87893770304618,19.7690870160712,0.16,1,1,1,1,1,1,1,1,1
"229",-1885000,6689204.14285714,0,280.601200625033,2.09437510120568,3.79706982647636,0.34,1,1,1,1,1,1,1,1,1
"230",-1795000,6689204.14285714,0,281.545799194224,1.85819576981402,3.8275497720459,0.4,1,1,1,1,1,1,1,1,1
"231",-1705000,6689204.14285714,0,281.969512389014,1.82263210033334,4.3830338893624,0.54,1,1,1,1,1,1,1,1,1
"232",-1615000,6689204.14285714,0,282.025741381014,1.78326925792932,5.51537348921909,0.56,1,1,1,1,1,1,1,1,1
"233",-1525000,6689204.14285714,0,281.812206722286,1.73459233385354,8.28406997482341,0.52,1,1,1,1,1,1,1,1,1
"234",-1435000,6689204.14285714,0,281.387893523407,1.68284857422802,5.36639678652874,0.4,1,1,1,1,1,1,1,1,1
"235",-1345000,6689204.14285714,0,280.998385444284,1.64728351760939,3.85974143701982,0.28,1,1,1,1,1,1,1,1,1
"236",-1255000,6689204.14285714,0,280.903669393503,1.61254013021702,3.32846699924286,0.22,1,1,1,1,1,1,1,1,1
"237",-1165000,6689204.14285714,0,281.056488243058,1.58634935621015,2.99649661529735,0.16,1,1,1,1,1,1,1,1,1
"238",-1075000,6689204.14285714,0,281.333367705581,1.5558948636083,2.32006445030489,0.2,1,1,1,1,1,1,1,1,1
"239",-985000,6689204.14285714,0,281.550828633556,1.53305273238669,1.90100394657086,0.2,1,1,1,1,1,1,1,1,1
"240",-895000,6689204.14285714,0,281.777020562024,1.49169719652912,2.76896747352295,0.14,1,1,1,1,1,1,1,1,1
"241",-805000,6689204.14285714,0,282.013105183295,1.47186024828826,2.33914444434306,0.2,1,1,1,1,1,1,1,1,1
"242",-715000,6689204.14285714,0,282.317252134358,1.47252358465972,2.34652026368772,0.14,1,1,1,1,1,1,1,1,1
"243",-625000,6689204.14285714,0,282.672350020303,1.47220517562056,3.15329822202255,0.12,1,1,1,1,1,1,1,1,1
"244",-535000,6689204.14285714,0,283.002004456346,1.51430292740501,2.74537355718008,0.14,1,1,1,1,1,1,1,1,1
"245",-445000,6689204.14285714,0,283.473523502769,1.51692827494105,7.38093743852993,0.24,1,1,1,1,1,1,1,1,1
"246",-355000,6689204.14285714,0,283.867902508051,1.54782311314993,4.50148475018573,0.32,1,1,1,1,1,1,1,1,1
"247",-265000,6689204.14285714,0,284.035142019911,1.56669702424399,3.42363970321099,0.34,1,1,1,1,1,1,1,1,1
"248",-175000,6689204.14285714,0,284.369637015563,1.5734250708949,7.59516778087425,0.44,1,1,1,1,1,1,1,1,1
"249",-85000,6689204.14285714,0,284.751923315267,1.61507682187539,10.3092658398883,0.52,1,1,1,1,1,1,1,1,1
"250",5000,6689204.14285714,0,285.028810439989,1.58423697165577,6.65045913006639,0.48,1,1,1,1,1,1,1,1,1
"251",95000,6689204.14285714,0,285.199591239047,1.59646615448896,3.72069979823579,0.42,1,1,1,1,1,1,1,1,1
"252",185000,6689204.14285714,0,285.247559790322,1.6285207631944,2.98720023417395,0.46,1,1,1,1,1,1,1,1,1
"253",275000,6689204.14285714,0,285.367159059413,1.64174623668481,3.84011379271188,0.52,1,1,1,1,1,1,1,1,1
"254",365000,6689204.14285714,0,285.478134434691,1.64996386113832,4.09140284577539,0.58,1,1,1,1,1,1,1,1,1
"255",455000,6689204.14285714,0,285.366992814206,1.66664027012594,8.61434580932005,0.6,1,1,1,1,1,1,1,1,1
"256",545000,6689204.14285714,0,285.326627340348,1.76279446430925,7.50863207635547,0.6,1,1,1,1,1,1,1,1,1
"257",635000,6689204.14285714,0.115774984032898,285.104552203599,2.50361634373233,6.00768052152947,0.56,1,1,1,1,1,1,1,1,0
"258",725000,6689204.14285714,0.0170415225512352,284.844954091046,2.9494178645568,3.38680619829747,0.34,1,1,0,0,1,1,1,1,0
"259",815000,6689204.14285714,NA,NA,NA,NA,NA,0,0,0,0,0,0,0,0,0
"260",905000,6689204.14285714,0.352631693258012,284.302064493649,2.77963108971391,2.43547446404503,0.16,1,1,1,1,0,1,0,0,1
"261",995000,6689204.14285714,0.0140846364083916,284.419268570354,2.49121673455886,2.85461646350748,0.24,1,0,1,1,1,1,0,1,0
"262",1085000,6689204.14285714,0.5348265811565,284.511024625833,4.25877717254333,1.63120534812544,0.2,1,0,0,0,1,0,1,1,0
"263",1175000,6689204.14285714,NA,NA,NA,NA,NA,0,0,0,0,0,0,0,0,0
"264",1265000,6689204.14285714,NA,NA,NA,NA,NA,0,0,0,0,0,0,0,0,0
"265",1355000,6689204.14285714,0.283588189926706,283.893335572387,3.01071266793523,1.71074660644554,0.38,1,1,0,1,0,1,1,0,1
"266",1445000,6689204.14285714,0.0933885523974959,284.443213170785,1.77180935476225,1.92086910479388,0.28,1,1,1,1,1,1,1,0,1
"267",1535000,6689204.14285714,0,285.047839651676,3.14112450911192,2.73542730087469,0.36,1,1,1,1,1,1,1,1,1
"268",1625000,6689204.14285714,0.615146894741931,285.08612312505,5.85635410822046,4.38323111111706,0.26,1,1,1,0,1,1,1,1,0
"269",1715000,6689204.14285714,NA,NA,NA,NA,NA,0,0,0,0,0,0,0,0,0
"270",1805000,6689204.14285714,NA,NA,NA,NA,NA,0,0,0,0,0,0,0,0,0
"271",-2155000,6541786.71428571,0,277.620152775815,2.97558365461213,11.9631588113787,0.18,1,1,1,1,0,0,1,0,1
"272",-2065000,6541786.71428571,0,277.994634713004,2.86772874480782,12.8821165092561,0.28,1,1,1,1,1,1,1,1,1
"273",-1975000,6541786.71428571,0,279.420388667819,2.64348414803016,11.8886823102917,0.38,1,1,1,1,1,1,1,1,1
"274",-1885000,6541786.71428571,0,280.71602058151,2.14383625004834,3.69581412722799,0.48,1,1,1,1,1,1,1,1,1
"275",-1795000,6541786.71428571,0,281.889240812338,1.90356676122965,4.928824334689,0.54,1,1,1,1,1,1,1,1,1
"276",-1705000,6541786.71428571,0,283.084381219648,1.8534233874983,16.4615281575238,0.58,1,1,1,1,1,1,1,1,1
"277",-1615000,6541786.71428571,0,283.877544097759,1.84194313976858,17.544891526646,0.6,1,1,1,1,1,1,1,1,1
"278",-1525000,6541786.71428571,0,283.721087824986,1.80921292783841,11.3620082251281,0.5,1,1,1,1,1,1,1,1,1
"279",-1435000,6541786.71428571,0,283.303358526986,1.77614434259583,9.5950596185665,0.48,1,1,1,1,1,1,1,1,1
"280",-1345000,6541786.71428571,0,282.566218673767,1.71040245298379,8.82257212223761,0.4,1,1,1,1,1,1,1,1,1
"281",-1255000,6541786.71428571,0,282.215829350014,1.63122972020747,7.85017202527364,0.28,1,1,1,1,1,1,1,1,1
"282",-1165000,6541786.71428571,0,282.010259073413,1.62065673985807,5.58651590527607,0.24,1,1,1,1,1,1,1,1,1
"283",-1075000,6541786.71428571,0,281.977201540672,1.56709779725698,4.53537831205329,0.14,1,1,1,1,1,1,1,1,1
"284",-985000,6541786.71428571,0,282.112286765368,1.5326325339189,5.60358379016337,0.24,1,1,1,1,1,1,1,1,1
"285",-895000,6541786.71428571,0,282.279497928997,1.5184077196462,5.1946807624277,0.22,1,1,1,1,1,1,1,1,1
"286",-805000,6541786.71428571,0,282.481127010721,1.51204485987343,6.27271759954949,0.18,1,1,1,1,1,1,1,1,1
"287",-715000,6541786.71428571,0,282.683472808378,1.50250773857853,5.75082153493427,0.26,1,1,1,1,1,1,1,1,1
"288",-625000,6541786.71428571,0,282.917311364833,1.49973833670289,4.69554419279681,0.3,1,1,1,1,1,1,1,1,1
"289",-535000,6541786.71428571,0,283.348869033889,1.51413224175604,7.45807219294706,0.32,1,1,1,1,1,1,1,1,1
"290",-445000,6541786.71428571,0,284.135778535969,1.50811194583519,11.1146698616383,0.38,1,1,1,1,1,1,1,1,1
"291",-355000,6541786.71428571,0,284.296407585443,1.52897874975638,8.74487572823853,0.32,1,1,1,1,1,1,1,1,1
"292",-265000,6541786.71428571,0,284.331049375188,1.55237905826028,7.30585900219178,0.4,1,1,1,1,1,1,1,1,1
"293",-175000,6541786.71428571,0,284.854301191312,1.55720409902302,14.9885774892807,0.28,1,1,1,1,1,1,1,1,1
"294",-85000,6541786.71428571,0,285.120531271375,1.59574524400358,6.07953157866012,0.16,1,1,1,1,1,1,1,1,1
"295",5000,6541786.71428571,0,285.348516283578,1.59750011397052,4.23379740319426,0.16,1,1,1,1,1,1,1,1,1
"296",95000,6541786.71428571,0,285.558482040463,1.61544386073069,3.0982633785851,0.44,1,1,1,1,1,1,1,1,1
"297",185000,6541786.71428571,0,285.711702463103,1.61980305637415,5.99138635983178,0.66,1,1,1,1,1,1,1,1,1
"298",275000,6541786.71428571,0,285.824069345151,1.6237585086325,6.20507572274939,0.7,1,1,1,1,1,1,1,1,1
"299",365000,6541786.71428571,0,285.747695830528,1.7280953440608,4.12215620901707,0.64,1,1,1,1,1,1,1,1,1
"300",455000,6541786.71428571,0,285.618494283326,1.90159252654965,2.56170460008269,0.62,1,1,1,1,1,1,1,1,1
"301",545000,6541786.71428571,0,285.631894061012,2.20857449647037,3.04602351718153,0.18,1,1,1,1,1,1,1,1,1
"302",635000,6541786.71428571,0.104627849375715,285.270241931317,2.67079909203847,2.82286375755591,0.12,1,1,1,0,1,1,1,1,1
"303",725000,6541786.71428571,NA,NA,NA,NA,NA,0,0,0,0,0,0,0,0,0
"304",815000,6541786.71428571,NA,NA,NA,NA,NA,0,0,0,0,0,0,0,0,0
"305",905000,6541786.71428571,0.582063746935532,284.70204823968,2.72175077614717,2.42926096916316,0.36,1,1,1,1,0,0,1,1,1
"306",995000,6541786.71428571,0.1051934443966,284.880498391157,2.33149035539854,2.74263129300764,0.28,1,1,1,0,1,1,1,1,1
"307",1085000,6541786.71428571,NA,NA,NA,NA,NA,0,0,0,0,0,0,0,0,0
"308",1175000,6541786.71428571,NA,NA,NA,NA,NA,0,0,0,0,0,0,0,0,0
"309",1265000,6541786.71428571,NA,NA,NA,NA,NA,0,0,0,0,0,0,0,0,0
"310",1355000,6541786.71428571,NA,NA,NA,NA,NA,0,0,0,0,0,0,0,0,0
"311",1445000,6541786.71428571,1.23518916056191e-06,285.388779555198,3.19946982432911,2.72083021022829,0.22,1,1,1,1,0,1,1,1,0
"312",1535000,6541786.71428571,0.18228667836151,285.535805935964,3.53828447390222,3.34647208724098,0.3,1,1,0,1,1,1,1,1,0
"313",1625000,6541786.71428571,0.572971497963451,285.267962167875,6.23974486004947,3.37241320241004,0.1,1,1,0,0,1,1,0,0,0
"314",1715000,6541786.71428571,NA,NA,NA,NA,NA,0,0,0,0,0,0,0,0,0
"315",1805000,6541786.71428571,NA,NA,NA,NA,NA,0,0,0,0,0,0,0,0,0
"316",-2155000,6394369.28571429,0,278.172817620533,2.96537162701753,11.035292379216,0.48,1,1,1,1,0,0,1,0,1
"317",-2065000,6394369.28571429,0,278.428607287937,2.94952178868862,21.5676860872612,0.4,1,1,1,1,1,1,1,1,1
"318",-1975000,6394369.28571429,0,279.780356572159,2.53040082431713,12.6907555626016,0.28,1,1,1,1,1,1,1,1,1
"319",-1885000,6394369.28571429,0,280.822344267889,2.19092065564986,6.48114939956918,0.38,1,1,1,1,1,1,1,1,1
"320",-1795000,6394369.28571429,0,281.544138064611,2.17948377912148,8.15440925717991,0.32,1,1,1,1,1,1,1,1,1
"321",-1705000,6394369.28571429,0,283.072002483535,2.09122261321379,16.089679903594,0.5,1,1,1,1,1,1,1,1,1
"322",-1615000,6394369.28571429,0,284.642290850486,1.97730384017952,11.1060794032858,0.56,1,1,1,1,1,1,1,1,1
"323",-1525000,6394369.28571429,0,285.319613862902,1.8820921815035,11.919788183628,0.56,1,1,1,1,1,1,1,1,1
"324",-1435000,6394369.28571429,0,285.28791564247,1.84580425251411,19.4847757057771,0.48,1,1,1,1,1,1,1,1,1
"325",-1345000,6394369.28571429,0,284.564472334488,1.78525605745306,14.37164697472,0.44,1,1,1,1,1,1,1,1,1
"326",-1255000,6394369.28571429,0,284.169270254049,1.66086868776309,6.19884605800795,0.36,1,1,1,1,1,1,1,1,1
"327",-1165000,6394369.28571429,0,283.890109638744,1.62623642249038,11.9727798961031,0.1,1,1,1,1,1,1,1,1,1
"328",-1075000,6394369.28571429,0,283.641289255642,1.61014633043814,11.1617781577928,0.14,1,1,1,1,1,1,1,1,1
"329",-985000,6394369.28571429,0,283.753358392343,1.58072177804315,8.33701516750589,0.18,1,1,1,1,1,1,1,1,1
"330",-895000,6394369.28571429,0,283.898875544615,1.53125121823351,6.88061908620033,0.2,1,1,1,1,1,1,1,1,1
"331",-805000,6394369.28571429,0,284.054522335908,1.50405808694727,10.5845438176758,0.2,1,1,1,1,1,1,1,1,1
"332",-715000,6394369.28571429,0,284.228979340905,1.49158742452837,11.5345766169558,0.24,1,1,1,1,1,1,1,1,1
"333",-625000,6394369.28571429,0,284.417030067445,1.49645111147504,12.0684863912051,0.34,1,1,1,1,1,1,1,1,1
"334",-535000,6394369.28571429,0,284.654254286249,1.52147555470484,9.94760295572602,0.4,1,1,1,1,1,1,1,1,1
"335",-445000,6394369.28571429,0,284.920130943837,1.5271977519815,9.84533713205466,0.32,1,1,1,1,1,1,1,1,1
"336",-355000,6394369.28571429,0,284.888002908323,1.54210295551114,8.51175715053758,0.3,1,1,1,1,1,1,1,1,1
"337",-265000,6394369.28571429,0,284.960879828658,1.57771775986526,10.5671741338525,0.28,1,1,1,1,1,1,1,1,1
"338",-175000,6394369.28571429,0,285.370246438828,1.59471204576941,7.98453874706355,0.4,1,1,1,1,1,1,1,1,1
"339",-85000,6394369.28571429,0,285.5811118542,1.59940476014279,7.85592419443528,0.28,1,1,1,1,1,1,1,1,1
"340",5000,6394369.28571429,0,285.720459197107,1.58615096664,8.02139863499881,0.36,1,1,1,1,1,1,1,1,1
"341",95000,6394369.28571429,0,286.076008543743,1.59469442763393,6.59940804806394,0.62,1,1,1,1,1,1,1,1,1
"342",185000,6394369.28571429,0,286.19525505789,1.61404595711899,4.00478903287857,0.6,1,1,1,1,1,1,1,1,1
"343",275000,6394369.28571429,0,286.156356229662,1.64539688270614,3.91959250246228,0.62,1,1,1,1,1,1,1,1,1
"344",365000,6394369.28571429,0,285.993037189261,1.8790200029377,3.72994587924027,0.58,1,1,1,1,1,1,1,1,1
"345",455000,6394369.28571429,0,286.080570050393,2.04394638869091,2.92030269094383,0.5,1,1,1,1,1,1,1,1,1
"346",545000,6394369.28571429,0,286.159503009342,2.14282402403023,2.56868614933388,0.58,1,1,1,1,1,1,1,1,1
"347",635000,6394369.28571429,0.0918437648931296,285.551567566764,2.33517398830134,2.33939773499808,0.5,1,1,1,1,1,1,0,1,1
"348",725000,6394369.28571429,0.682001925140053,285.416408126172,2.37246754037865,1.9293722448326,0.42,1,0,1,1,1,1,0,1,1
"349",815000,6394369.28571429,0.338647568451041,285.625888735603,2.52301460818147,2.72355124456747,0.36,1,0,1,1,1,0,1,1,1
"350",905000,6394369.28571429,0.029289157891829,285.650792246702,1.8558093187927,2.19534799935869,0.58,1,1,1,1,1,0,1,1,1
"351",995000,6394369.28571429,0.114793136109155,285.72309452537,1.6190231935972,1.86870544443487,0.52,1,1,1,1,1,1,0,1,1
"352",1085000,6394369.28571429,0.589953530330104,285.575373529463,4.35642510522873,1.97616951749508,0.28,1,0,1,1,1,1,0,1,1
"353",1175000,6394369.28571429,0.737673029186896,285.730604126172,3.37976530295908,1.32451241898523,0.08,1,0,1,1,1,0,0,1,1
"354",1265000,6394369.28571429,0.621744049597934,285.85951443874,1.92214687997329,2.38624580673755,0.42,1,0,1,1,1,0,0,1,1
"355",1355000,6394369.28571429,0.397205587324403,285.891946727532,1.90483647336657,2.39960370238918,0.28,1,0,1,1,1,0,1,1,0
"356",1445000,6394369.28571429,0.126230496903015,285.877927810345,3.79133625407483,3.54626169161206,0.18,1,1,0,0,1,0,1,1,0
"357",1535000,6394369.28571429,NA,NA,NA,NA,NA,0,0,0,0,0,0,0,0,0
"358",1625000,6394369.28571429,NA,NA,NA,NA,NA,0,0,0,0,0,0,0,0,0
"359",1715000,6394369.28571429,NA,NA,NA,NA,NA,0,0,0,0,0,0,0,0,0
"360",1805000,6394369.28571429,NA,NA,NA,NA,NA,0,0,0,0,0,0,0,0,0
"361",-2155000,6246951.85714286,0,279.412897226327,2.42967750709473,3.47617107218745,0.24,1,1,1,1,0,0,1,0,1
"362",-2065000,6246951.85714286,0,278.52423534547,3.03500231762076,12.3333939893934,0.22,1,1,1,1,1,1,1,1,1
"363",-1975000,6246951.85714286,0,278.834988654561,3.17621020251663,18.3253179581362,0.24,1,1,1,1,1,1,1,1,1
"364",-1885000,6246951.85714286,0,280.195484161927,2.75813293920425,8.22952931932226,0.24,1,1,1,1,1,1,1,1,1
"365",-1795000,6246951.85714286,0,280.712035265692,2.54149608043981,6.78465284596498,0.18,1,1,1,1,1,1,1,1,1
"366",-1705000,6246951.85714286,0,282.092905800292,2.46007734562087,10.051472494853,0.28,1,1,1,1,1,1,1,1,1
"367",-1615000,6246951.85714286,0,284.916571438454,2.07744029332398,21.9824373729224,0.5,1,1,1,1,1,1,1,1,1
"368",-1525000,6246951.85714286,0,286.651675195107,1.87946600150748,14.468921586323,0.5,1,1,1,1,1,1,1,1,1
"369",-1435000,6246951.85714286,0,286.788234769961,1.84634631245983,11.9668689737239,0.44,1,1,1,1,1,1,1,1,1
"370",-1345000,6246951.85714286,0,286.14138905259,1.81605592197207,19.4748508077906,0.24,1,1,1,1,1,1,1,1,1
"371",-1255000,6246951.85714286,0,285.886239667216,1.68769783360886,15.8936295853029,0.46,1,1,1,1,1,1,1,1,1
"372",-1165000,6246951.85714286,0,285.814792439572,1.60982041720981,16.564229910143,0.26,1,1,1,1,1,1,1,1,1
"373",-1075000,6246951.85714286,0,285.499998943703,1.56385104846909,15.8729881077909,0.28,1,1,1,1,1,1,1,1,1
"374",-985000,6246951.85714286,0,285.415146736868,1.54496519238209,11.4624420287034,0.36,1,1,1,1,1,1,1,1,1
"375",-895000,6246951.85714286,0,285.413263125425,1.53220351918161,10.562821855725,0.38,1,1,1,1,1,1,1,1,1
"376",-805000,6246951.85714286,0,285.241055458706,1.50848422230334,12.0487068570017,0.42,1,1,1,1,1,1,1,1,1
"377",-715000,6246951.85714286,0,285.351641924799,1.47429199874327,8.22753849929548,0.46,1,1,1,1,1,1,1,1,1
"378",-625000,6246951.85714286,0,285.590387780799,1.47048115033644,6.70861774950536,0.44,1,1,1,1,1,1,1,1,1
"379",-535000,6246951.85714286,0,285.585209168205,1.51184232170461,8.56674908971117,0.4,1,1,1,1,1,1,1,1,1
"380",-445000,6246951.85714286,0,285.655035213396,1.53158699737869,4.52406881107952,0.4,1,1,1,1,1,1,1,1,1
"381",-355000,6246951.85714286,0,285.813228243784,1.52057696657071,7.58720346584604,0.44,1,1,1,1,1,1,1,1,1
"382",-265000,6246951.85714286,0,285.941802754739,1.52566605279637,5.81165380429512,0.52,1,1,1,1,1,1,1,1,1
"383",-175000,6246951.85714286,0,286.031787593367,1.58580096036099,6.86674082106906,0.44,1,1,1,1,1,1,1,1,1
"384",-85000,6246951.85714286,0,286.185755152449,1.603309439089,10.234545861187,0.44,1,1,1,1,1,1,1,1,1
"385",5000,6246951.85714286,0,286.332855190292,1.57143764839098,8.81190500081887,0.5,1,1,1,1,1,1,1,1,1
"386",95000,6246951.85714286,0,286.546606154466,1.63156701533395,9.15498258418611,0.56,1,1,1,1,1,1,1,1,1
"387",185000,6246951.85714286,0,286.573853280187,1.6689288524649,6.56647406697314,0.44,1,1,1,1,1,1,1,1,1
"388",275000,6246951.85714286,0,286.541952070889,1.68904620617039,6.93064017022394,0.52,1,1,1,1,1,1,1,1,1
"389",365000,6246951.85714286,0,286.547612460298,1.76041268139502,5.50127210823485,0.6,1,1,1,1,1,1,1,1,1
"390",455000,6246951.85714286,0,286.592832966453,1.86083750111814,3.47597262553773,0.58,1,1,1,1,1,1,1,1,1
"391",545000,6246951.85714286,0,286.67330180372,1.99501962926254,2.81527237637684,0.66,1,1,1,1,1,1,1,1,1
"392",635000,6246951.85714286,0,286.504377946225,2.10843612553391,2.25842674351894,0.64,1,1,1,1,1,1,1,1,1
"393",725000,6246951.85714286,0,286.145413789874,1.79332309800823,2.52280834529248,0.58,1,1,1,1,1,1,1,1,1
"394",815000,6246951.85714286,0,286.220865812091,1.49562453454938,1.88470445655851,0.5,1,1,1,1,1,1,1,1,1
"395",905000,6246951.85714286,0,286.282236264377,1.24056559768848,1.31893364320643,0.72,1,1,1,1,1,1,1,1,1
"396",995000,6246951.85714286,0.0618639151181282,286.096606018447,1.19878123544658,1.77800605214073,0.6,1,1,1,1,1,1,1,1,1
"397",1085000,6246951.85714286,0.212417537949493,286.242216547452,1.34364268876492,1.97287909736948,0.7,1,1,1,1,1,1,1,1,1
"398",1175000,6246951.85714286,0.0246401035111797,286.163058456036,1.10946502055182,1.87826963984353,0.68,1,1,1,1,1,1,1,1,0
"399",1265000,6246951.85714286,0.0845854235265707,286.185845958164,1.1732715609086,1.91848154589586,0.48,1,1,0,1,1,1,1,1,0
"400",1355000,6246951.85714286,0.52658156812324,286.120950114286,1.53624833476322,1.37434075655558,0.1,1,1,0,0,1,1,1,0,0
"401",1445000,6246951.85714286,NA,NA,NA,NA,NA,0,0,0,0,0,0,0,0,0
"402",1535000,6246951.85714286,NA,NA,NA,NA,NA,0,0,0,0,0,0,0,0,0
"403",1625000,6246951.85714286,NA,NA,NA,NA,NA,0,0,0,0,0,0,0,0,0
"404",1715000,6246951.85714286,NA,NA,NA,NA,NA,0,0,0,0,0,0,0,0,0
"405",1805000,6246951.85714286,NA,NA,NA,NA,NA,0,0,0,0,0,0,0,0,0
"406",-2155000,6099534.42857143,0,279.946246751068,2.77389507135916,13.5067308351619,0.26,1,1,1,1,0,0,1,0,1
"407",-2065000,6099534.42857143,0,279.892198014412,3.01261501921209,16.5376750406089,0.26,1,1,1,1,1,1,1,1,1
"408",-1975000,6099534.42857143,0,281.021689687124,2.82754417070814,8.74634275198703,0.32,1,1,1,1,1,1,1,1,1
"409",-1885000,6099534.42857143,0,281.871006906429,2.50154786854339,5.3656345226373,0.36,1,1,1,1,1,1,1,1,1
"410",-1795000,6099534.42857143,0,282.101199202556,2.42101866015795,7.14263321160196,0.44,1,1,1,1,1,1,1,1,1
"411",-1705000,6099534.42857143,0,283.484738747853,2.43549792410707,10.4315862293715,0.54,1,1,1,1,1,1,1,1,1
"412",-1615000,6099534.42857143,0,286.002704296057,2.06509841432172,16.8001233798052,0.68,1,1,1,1,1,1,1,1,1
"413",-1525000,6099534.42857143,0,287.459018873718,1.96310024001668,16.2503043606965,0.54,1,1,1,1,1,1,1,1,1
"414",-1435000,6099534.42857143,0,287.854808632802,1.87413504255903,11.9001238123732,0.58,1,1,1,1,1,1,1,1,1
"415",-1345000,6099534.42857143,0,287.522917957072,1.81277711405053,12.6917980060359,0.54,1,1,1,1,1,1,1,1,1
"416",-1255000,6099534.42857143,0,287.16467363093,1.75090878467864,8.25096523623141,0.48,1,1,1,1,1,1,1,1,1
"417",-1165000,6099534.42857143,0,286.872603324837,1.63847851161891,5.65504440268138,0.44,1,1,1,1,1,1,1,1,1
"418",-1075000,6099534.42857143,0,286.656589979957,1.57214923556118,12.4402775017541,0.38,1,1,1,1,1,1,1,1,1
"419",-985000,6099534.42857143,0,286.504947617469,1.55338170733848,9.69736203214045,0.4,1,1,1,1,1,1,1,1,1
"420",-895000,6099534.42857143,0,286.505470803778,1.53083038212371,9.82879173602755,0.52,1,1,1,1,1,1,1,1,1
"421",-805000,6099534.42857143,0,286.470483322395,1.51223509094893,7.25678352652823,0.46,1,1,1,1,1,1,1,1,1
"422",-715000,6099534.42857143,0,286.501581353205,1.47076673704509,6.41414937270359,0.44,1,1,1,1,1,1,1,1,1
"423",-625000,6099534.42857143,0,286.583022556225,1.44192790896701,6.13835631991524,0.48,1,1,1,1,1,1,1,1,1
"424",-535000,6099534.42857143,0,286.519719697464,1.46069913246932,7.52076597075658,0.46,1,1,1,1,1,1,1,1,1
"425",-445000,6099534.42857143,0,286.461304741307,1.49460394495186,7.98077466237962,0.46,1,1,1,1,1,1,1,1,1
"426",-355000,6099534.42857143,0,286.518431679667,1.51216331468051,5.22048934843365,0.46,1,1,1,1,1,1,1,1,1
"427",-265000,6099534.42857143,0,286.638967166183,1.52911408867462,4.80081997363339,0.48,1,1,1,1,1,1,1,1,1
"428",-175000,6099534.42857143,0,286.734830938551,1.55549649741952,5.62414247401715,0.5,1,1,1,1,1,1,1,1,1
"429",-85000,6099534.42857143,0,286.79089682722,1.5970165436084,4.07611528468662,0.52,1,1,1,1,1,1,1,1,1
"430",5000,6099534.42857143,0,286.851404561884,1.61001259647623,6.54355654767211,0.54,1,1,1,1,1,1,1,1,1
"431",95000,6099534.42857143,0,286.990776232214,1.65022593360891,5.0424756898994,0.54,1,1,1,1,1,1,1,1,1
"432",185000,6099534.42857143,0,287.065893568446,1.66964223218311,2.89665069957472,0.5,1,1,1,1,1,1,1,1,1
"433",275000,6099534.42857143,0,287.069243267634,1.67782955156962,4.95539716528303,0.44,1,1,1,1,1,1,1,1,1
"434",365000,6099534.42857143,0,287.026188860436,1.71801795899868,3.63414403046102,0.5,1,1,1,1,1,1,1,1,1
"435",455000,6099534.42857143,0,287.060858884363,1.79779989756436,2.40529798316673,0.62,1,1,1,1,1,1,1,1,1
"436",545000,6099534.42857143,0,287.081376941026,1.85769980632961,3.17180893836394,0.6,1,1,1,1,1,1,1,1,1
"437",635000,6099534.42857143,0,286.946036714497,2.01618661706996,2.42552800660826,0.74,1,1,1,1,1,1,1,1,1
"438",725000,6099534.42857143,0,286.802411031431,1.9882104411829,1.53401650518171,0.6,1,1,1,1,1,1,1,1,1
"439",815000,6099534.42857143,0,286.861972520453,1.75380005314575,1.35898966945351,0.66,1,1,1,1,1,1,1,1,1
"440",905000,6099534.42857143,0,286.899155184205,1.44145602363874,1.06987727943559,0.66,1,1,1,1,1,1,1,1,1
"441",995000,6099534.42857143,0,286.873836316481,1.17138797493236,1.01779978885887,0.58,1,1,1,1,1,1,1,1,1
"442",1085000,6099534.42857143,0.0660831153241326,286.357678973905,1.19480772209864,1,0.82,1,1,1,1,1,1,1,1,1
"443",1175000,6099534.42857143,0.692088126016267,286.423665490715,1.6933588348348,1.29576464264404,0.5,1,1,1,0,1,1,1,1,1
"444",1265000,6099534.42857143,NA,NA,NA,NA,NA,0,0,0,0,0,0,0,0,0
"445",1355000,6099534.42857143,NA,NA,NA,NA,NA,0,0,0,0,0,0,0,0,0
"446",1445000,6099534.42857143,NA,NA,NA,NA,NA,0,0,0,0,0,0,0,0,0
"447",1535000,6099534.42857143,NA,NA,NA,NA,NA,0,0,0,0,0,0,0,0,0
"448",1625000,6099534.42857143,NA,NA,NA,NA,NA,0,0,0,0,0,0,0,0,0
"449",1715000,6099534.42857143,NA,NA,NA,NA,NA,0,0,0,0,0,0,0,0,0
"450",1805000,6099534.42857143,NA,NA,NA,NA,NA,0,0,0,0,0,0,0,0,0
"451",-2155000,5952117,0,283.013120979052,2.35464007169872,16.1434540542655,0.4,1,1,1,1,0,0,1,0,1
"452",-2065000,5952117,0,284.382811512049,2.06919822450807,17.2698231099969,0.54,1,1,1,1,1,1,1,1,1
"453",-1975000,5952117,0,284.779628484841,2.0994626425463,14.1207798545018,0.68,1,1,1,1,1,1,1,1,1
"454",-1885000,5952117,0,285.958544929228,2.0472334505063,17.1477245379793,0.56,1,1,1,1,1,1,1,1,1
"455",-1795000,5952117,0,287.376373476809,1.91783644408172,24.4595405114363,0.58,1,1,1,1,1,1,1,1,1
"456",-1705000,5952117,0,288.168164660938,1.92146592644118,29.0778290396442,0.58,1,1,1,1,1,1,1,1,1
"457",-1615000,5952117,0,288.501086214942,1.90835637378302,23.9084412790722,0.38,1,1,1,1,1,1,1,1,1
"458",-1525000,5952117,0,288.809555414327,1.83829281595766,14.6374043524928,0.42,1,1,1,1,1,1,1,1,1
"459",-1435000,5952117,0,288.90595605408,1.72405498323,9.10243817384185,0.48,1,1,1,1,1,1,1,1,1
"460",-1345000,5952117,0,288.502577646338,1.70736718834571,13.3352237848292,0.38,1,1,1,1,1,1,1,1,1
"461",-1255000,5952117,0,287.973394548853,1.67829373218222,6.18833604057409,0.44,1,1,1,1,1,1,1,1,1
"462",-1165000,5952117,0,287.675087884268,1.60199098217965,4.68627780830273,0.42,1,1,1,1,1,1,1,1,1
"463",-1075000,5952117,0,287.572978656595,1.5560184435323,8.67974913017028,0.46,1,1,1,1,1,1,1,1,1
"464",-985000,5952117,0,287.498997159582,1.54616876054795,8.65502863871975,0.38,1,1,1,1,1,1,1,1,1
"465",-895000,5952117,0,287.485678169687,1.52408386646639,6.55114936432279,0.42,1,1,1,1,1,1,1,1,1
"466",-805000,5952117,0,287.535503025861,1.48934738916222,9.92312712074985,0.44,1,1,1,1,1,1,1,1,1
"467",-715000,5952117,0,287.451478163836,1.42706024570596,9.06606966378814,0.5,1,1,1,1,1,1,1,1,1
"468",-625000,5952117,0,287.421616129655,1.38126929662195,6.48971774545307,0.5,1,1,1,1,1,1,1,1,1
"469",-535000,5952117,0,287.434479020053,1.4133566300458,5.02692542187014,0.44,1,1,1,1,1,1,1,1,1
"470",-445000,5952117,0,287.392464905097,1.45276821567763,5.89241000239951,0.46,1,1,1,1,1,1,1,1,1
"471",-355000,5952117,0,287.358393476246,1.51422455269795,7.71451966860797,0.44,1,1,1,1,1,1,1,1,1
"472",-265000,5952117,0,287.349214090139,1.51466700228989,7.53094347963134,0.5,1,1,1,1,1,1,1,1,1
"473",-175000,5952117,0,287.416883404461,1.54289573780006,6.85103065442107,0.48,1,1,1,1,1,1,1,1,1
"474",-85000,5952117,0,287.477839637767,1.59944243405579,5.68446344187623,0.54,1,1,1,1,1,1,1,1,1
"475",5000,5952117,0,287.476084973023,1.61268362033448,4.88458405602768,0.58,1,1,1,1,1,1,1,1,1
"476",95000,5952117,0,287.507311285982,1.64273943279214,6.39489144895527,0.56,1,1,1,1,1,1,1,1,1
"477",185000,5952117,0,287.56311622026,1.68161337893851,5.26039252200294,0.64,1,1,1,1,1,1,1,1,1
"478",275000,5952117,0,287.607063836087,1.71451559485933,4.93704412365105,0.58,1,1,1,1,1,1,1,1,1
"479",365000,5952117,0,287.537780059992,1.73193217714279,4.48180136310875,0.54,1,1,1,1,1,1,1,1,1
"480",455000,5952117,0,287.486248768798,1.72281571246413,3.02732375130728,0.54,1,1,1,1,1,1,1,1,1
"481",545000,5952117,0,287.569920974995,1.72857979518794,1.80643001519395,0.68,1,1,1,1,1,1,1,1,1
"482",635000,5952117,0,287.606048958676,1.78600933800183,2.2463265499023,0.74,1,1,1,1,1,1,1,1,1
"483",725000,5952117,0,287.574828948817,1.94809230920503,2.53801836445547,0.7,1,1,1,1,1,1,1,1,1
"484",815000,5952117,0,287.557068008265,2.00262927425309,2.06783506733006,0.64,1,1,1,1,1,1,1,1,1
"485",905000,5952117,0,287.530541841183,1.91989973695868,1.53194491327145,0.8,1,1,1,1,1,1,1,1,1
"486",995000,5952117,0,287.532216456607,1.67961675527238,1.48311007505035,0.86,1,1,1,1,1,1,1,1,1
"487",1085000,5952117,0,287.571241373057,1.41787730048186,1.76969334290278,0.76,1,1,1,1,1,1,1,1,1
"488",1175000,5952117,0.000460249799750641,287.84497794346,1.51096290442097,1.06394398688325,0.56,1,1,1,1,1,1,0,1,1
"489",1265000,5952117,0.0486123669662977,287.832135521467,2.62648516880299,1.13281715191893,0.2,1,0,1,1,1,1,0,1,1
"490",1355000,5952117,0.514328158768862,287.800895834937,3.00818346141941,1.29954885448915,0.12,1,0,1,0,1,0,0,1,1
"491",1445000,5952117,NA,NA,NA,NA,NA,0,0,0,0,0,0,0,0,0
"492",1535000,5952117,NA,NA,NA,NA,NA,0,0,0,0,0,0,0,0,0
"493",1625000,5952117,NA,NA,NA,NA,NA,0,0,0,0,0,0,0,0,0
"494",1715000,5952117,NA,NA,NA,NA,NA,0,0,0,0,0,0,0,0,0
"495",1805000,5952117,NA,NA,NA,NA,NA,0,0,0,0,0,0,0,0,0
"496",-2155000,5804699.57142857,0,287.268143562274,1.86853158544762,18.9204506091801,0.72,1,1,1,1,0,0,1,0,1
"497",-2065000,5804699.57142857,0,288.874290823256,1.76754821663585,15.6100783049432,0.88,1,1,1,1,1,1,1,1,1
"498",-1975000,5804699.57142857,0,289.199905912468,1.78213352240494,16.7188887042602,0.96,1,1,1,1,1,1,1,1,1
"499",-1885000,5804699.57142857,0,289.437109546669,1.74712422932242,9.52599901971537,0.98,1,1,1,1,1,1,1,1,1
"500",-1795000,5804699.57142857,0,289.909490121706,1.56831004097204,11.4082540151724,0.9,1,1,1,1,1,1,1,1,1
"501",-1705000,5804699.57142857,0,290.105273384173,1.51995364415447,12.3069574383672,0.66,1,1,1,1,1,1,1,1,1
"502",-1615000,5804699.57142857,0,289.935953054,1.55572558631034,6.23087895193081,0.38,1,1,1,1,1,1,1,1,1
"503",-1525000,5804699.57142857,0,289.607469242351,1.57040929317742,5.58363214699527,0.48,1,1,1,1,1,1,1,1,1
"504",-1435000,5804699.57142857,0,289.304755289794,1.55721526955977,5.54489499340179,0.52,1,1,1,1,1,1,1,1,1
"505",-1345000,5804699.57142857,0,289.005306608875,1.56181900482965,6.92515683950075,0.42,1,1,1,1,1,1,1,1,1
"506",-1255000,5804699.57142857,0,288.725694738759,1.53314256067157,6.03433363106409,0.46,1,1,1,1,1,1,1,1,1
"507",-1165000,5804699.57142857,0,288.569911454551,1.45832047238682,7.85572734731937,0.32,1,1,1,1,1,1,1,1,1
"508",-1075000,5804699.57142857,0,288.493908878222,1.46006024446849,7.81881543097361,0.38,1,1,1,1,1,1,1,1,1
"509",-985000,5804699.57142857,0,288.44929637908,1.47585076181598,11.291014770529,0.26,1,1,1,1,1,1,1,1,1
"510",-895000,5804699.57142857,0,288.432431458522,1.43342893102626,13.1532448809944,0.42,1,1,1,1,1,1,1,1,1
"511",-805000,5804699.57142857,0,288.451339587631,1.38545934794698,10.2870824359991,0.54,1,1,1,1,1,1,1,1,1
"512",-715000,5804699.57142857,0,288.349763673945,1.38132796378375,8.82404151184587,0.62,1,1,1,1,1,1,1,1,1
"513",-625000,5804699.57142857,0,288.258834423583,1.3221101780625,10.7106401786367,0.74,1,1,1,1,1,1,1,1,1
"514",-535000,5804699.57142857,0,288.226445421114,1.33469550394475,11.1595132450448,0.64,1,1,1,1,1,1,1,1,1
"515",-445000,5804699.57142857,0,288.181277186237,1.43364769420474,10.1710388178925,0.68,1,1,1,1,1,1,1,1,1
"516",-355000,5804699.57142857,0,288.106017622467,1.4888634817031,7.54032675301343,0.62,1,1,1,1,1,1,1,1,1
"517",-265000,5804699.57142857,0,288.037373431981,1.51718017265855,6.4362367740306,0.54,1,1,1,1,1,1,1,1,1
"518",-175000,5804699.57142857,0,288.103063716622,1.5888985843559,5.72288644176284,0.64,1,1,1,1,1,1,1,1,1
"519",-85000,5804699.57142857,0,288.196395913785,1.62717857121612,8.01091338040272,0.36,1,1,1,1,1,1,1,1,1
"520",5000,5804699.57142857,0,288.161007982381,1.67033037669613,5.46569951720783,0.4,1,1,1,1,1,1,1,1,1
"521",95000,5804699.57142857,0,288.079648736933,1.69208345927276,4.05874039296744,0.4,1,1,1,1,1,1,1,1,1
"522",185000,5804699.57142857,0,288.054267910751,1.72451344999507,4.88872500461245,0.48,1,1,1,1,1,1,1,1,1
"523",275000,5804699.57142857,0,288.04466583014,1.71089171089369,2.84952062906045,0.5,1,1,1,1,1,1,1,1,1
"524",365000,5804699.57142857,0,288.004980498346,1.68438903753356,3.73510040201874,0.54,1,1,1,1,1,1,1,1,1
"525",455000,5804699.57142857,0,287.979220306868,1.66253780027232,3.80207720758071,0.62,1,1,1,1,1,1,1,1,1
"526",545000,5804699.57142857,0,288.006006802712,1.65770205049876,4.83838239585247,0.76,1,1,1,1,1,1,1,1,1
"527",635000,5804699.57142857,0,288.060354665485,1.68861897295567,3.55465811928137,0.76,1,1,1,1,1,1,1,1,1
"528",725000,5804699.57142857,0,288.094190310142,1.71034427819547,3.24713566818756,0.44,1,1,1,1,1,1,1,1,1
"529",815000,5804699.57142857,0,288.177501890048,1.69334707325416,2.09135500263214,0.44,1,1,1,1,1,1,1,1,1
"530",905000,5804699.57142857,0,288.242586080045,1.65769002178233,2.61710040627159,0.72,1,1,1,1,1,1,1,1,1
"531",995000,5804699.57142857,0,288.339098490198,1.57799628984355,2.46245404461723,0.84,1,1,1,1,1,1,1,1,0
"532",1085000,5804699.57142857,0,288.560058513093,1.45592022153497,3.03396744371754,0.28,1,1,0,1,1,1,1,1,1
"533",1175000,5804699.57142857,0,288.799832100255,1.23318305421354,2.39768644089959,0.62,1,1,1,1,1,1,1,0,1
"534",1265000,5804699.57142857,0,289.114162349754,1.19911009300289,2.16548559384599,0.46,1,1,1,1,1,1,1,1,1
"535",1355000,5804699.57142857,0,289.206610204123,1.17626127413862,1.3046392570347,0.2,1,1,1,1,1,1,0,1,0
"536",1445000,5804699.57142857,0.453298308367647,288.839515210262,2.4223678109098,2.13292963529427,0.12,1,0,0,0,1,1,0,1,0
"537",1535000,5804699.57142857,NA,NA,NA,NA,NA,0,0,0,0,0,0,0,0,0
"538",1625000,5804699.57142857,NA,NA,NA,NA,NA,0,0,0,0,0,0,0,0,0
"539",1715000,5804699.57142857,NA,NA,NA,NA,NA,0,0,0,0,0,0,0,0,0
"540",1805000,5804699.57142857,NA,NA,NA,NA,NA,0,0,0,0,0,0,0,0,0
"541",-2155000,5657282.14285714,0,291.37418164959,1.69702446462484,24.1396169549007,0.58,1,1,1,1,0,0,1,0,1
"542",-2065000,5657282.14285714,0,292.179313450663,1.68760269310009,35.2709024775219,0.64,1,1,1,1,1,1,1,1,1
"543",-1975000,5657282.14285714,0,292.100255078683,1.59955972946212,40.0829734887418,0.74,1,1,1,1,1,1,1,1,1
"544",-1885000,5657282.14285714,0,291.767459110882,1.57403784140546,45.1855594804367,0.56,1,1,1,1,1,1,1,1,1
"545",-1795000,5657282.14285714,0,291.266958317136,1.53526217051958,35.2465230933379,0.56,1,1,1,1,1,1,1,1,1
"546",-1705000,5657282.14285714,0,290.856277598939,1.47238595021416,23.9228102913944,0.52,1,1,1,1,1,1,1,1,1
"547",-1615000,5657282.14285714,0,290.623732734245,1.45875771837129,12.2486919847685,0.3,1,1,1,1,1,1,1,1,1
"548",-1525000,5657282.14285714,0,290.263008487997,1.4516090819216,7.54786689948987,0.54,1,1,1,1,1,1,1,1,1
"549",-1435000,5657282.14285714,0,289.922303623427,1.42648926444168,7.90450203438742,0.66,1,1,1,1,1,1,1,1,1
"550",-1345000,5657282.14285714,0,289.77644001186,1.39551863720888,10.093914816992,0.54,1,1,1,1,1,1,1,1,1
"551",-1255000,5657282.14285714,0,289.685310920877,1.3880178957391,7.56374428646473,0.78,1,1,1,1,1,1,1,1,1
"552",-1165000,5657282.14285714,0,289.538238835341,1.35925288288447,8.29380171502939,0.62,1,1,1,1,1,1,1,1,1
"553",-1075000,5657282.14285714,0,289.389011164481,1.35157732424687,7.29218679751469,0.7,1,1,1,1,1,1,1,1,1
"554",-985000,5657282.14285714,0,289.318751979703,1.32248385746302,6.60744838766222,0.78,1,1,1,1,1,1,1,1,1
"555",-895000,5657282.14285714,0,289.28393644115,1.25591133329593,5.80566829609954,0.68,1,1,1,1,1,1,1,1,1
"556",-805000,5657282.14285714,0,289.24010826265,1.24463170895636,7.67056199449936,0.76,1,1,1,1,1,1,1,1,1
"557",-715000,5657282.14285714,0,289.142349554184,1.24973691128472,6.42696099381749,0.66,1,1,1,1,1,1,1,1,1
"558",-625000,5657282.14285714,0,289.018838747229,1.26373546075768,6.87653022695199,0.64,1,1,1,1,1,1,1,1,1
"559",-535000,5657282.14285714,0,288.920498952726,1.32104001592349,3.7903205383833,0.58,1,1,1,1,1,1,1,1,1
"560",-445000,5657282.14285714,0,288.869705122232,1.37909660644893,3.98028785970238,0.4,1,1,1,1,1,1,1,1,1
"561",-355000,5657282.14285714,0,288.843723322193,1.40713311522887,5.24702474066864,0.46,1,1,1,1,1,1,1,1,1
"562",-265000,5657282.14285714,0,288.759200424131,1.48091828264626,7.89554620858267,0.4,1,1,1,1,1,1,1,1,1
"563",-175000,5657282.14285714,0,288.736448444668,1.57923720297142,8.10306045320606,0.48,1,1,1,1,1,1,1,1,1
"564",-85000,5657282.14285714,0,288.714270863933,1.63622881167188,5.09193612345908,0.44,1,1,1,1,1,1,1,1,1
"565",5000,5657282.14285714,0,288.66182044692,1.68473612909013,6.69239685525523,0.46,1,1,1,1,1,1,1,1,1
"566",95000,5657282.14285714,0,288.594461659456,1.71425819693184,3.02382024190136,0.36,1,1,1,1,1,1,1,1,1
"567",185000,5657282.14285714,0,288.56441603247,1.722164604571,3.08014436786663,0.54,1,1,1,1,1,1,1,1,1
"568",275000,5657282.14285714,0,288.513705768264,1.69079487473346,2.81602239670421,0.58,1,1,1,1,1,1,1,1,1
"569",365000,5657282.14285714,0,288.483031121049,1.63169748343247,2.63004435918064,0.58,1,1,1,1,1,1,1,1,1
"570",455000,5657282.14285714,0,288.475045336307,1.58672821670148,2.02511274217701,0.52,1,1,1,1,1,1,1,1,1
"571",545000,5657282.14285714,0,288.489803540176,1.5235112997163,1.65514123188391,0.54,1,1,1,1,1,1,1,1,1
"572",635000,5657282.14285714,0,288.517466688659,1.46432287229979,1.8262615710687,0.14,1,1,1,1,1,1,1,1,0
"573",725000,5657282.14285714,0,288.534648154228,1.41433075762724,2.31566678352492,0.3,1,1,0,1,1,1,1,1,1
"574",815000,5657282.14285714,0,288.602183134712,1.27533359482097,1.71791489881407,0.5,1,1,1,1,1,1,1,0,1
"575",905000,5657282.14285714,0,288.693478702268,1.24567327532283,2.00525540500618,0.84,1,1,1,1,1,1,1,1,1
"576",995000,5657282.14285714,0,288.863566158222,1.2374394793365,2.12561773134677,0.58,1,1,1,0,1,1,1,1,1
"577",1085000,5657282.14285714,NA,NA,NA,NA,NA,0,0,0,0,0,0,0,0,0
"578",1175000,5657282.14285714,0,289.348565411229,1.11915475558535,2.11120143793466,0.28,1,1,1,1,0,1,1,1,0
"579",1265000,5657282.14285714,0,289.597295475039,1.0784810699777,2.27100395717589,0.6,1,1,0,1,1,1,1,1,0
"580",1355000,5657282.14285714,0,289.776373101097,1.1100271286541,2.21635992394309,0.52,1,1,0,0,1,1,1,0,0
"581",1445000,5657282.14285714,NA,NA,NA,NA,NA,0,0,0,0,0,0,0,0,0
"582",1535000,5657282.14285714,NA,NA,NA,NA,NA,0,0,0,0,0,0,0,0,0
"583",1625000,5657282.14285714,NA,NA,NA,NA,NA,0,0,0,0,0,0,0,0,0
"584",1715000,5657282.14285714,NA,NA,NA,NA,NA,0,0,0,0,0,0,0,0,0
"585",1805000,5657282.14285714,NA,NA,NA,NA,NA,0,0,0,0,0,0,0,0,0
"586",-2155000,5509864.71428571,0,292.736046590824,1.56710286103865,15.5702682379209,0.16,1,1,0,1,0,0,1,0,0
"587",-2065000,5509864.71428571,0,292.796953458433,1.5415381458715,26.883357242701,0.2,1,1,0,1,1,1,1,0,0
"588",-1975000,5509864.71428571,0,292.63869444922,1.41091806779451,13.7229241424891,0.24,1,1,0,1,1,1,1,0,0
"589",-1885000,5509864.71428571,0,292.427032113326,1.36213414764541,13.5329723409702,0.38,1,1,0,1,1,1,1,0,0
"590",-1795000,5509864.71428571,0,292.0805196518,1.42199820135147,18.0433587318994,0.34,1,1,0,1,1,1,1,0,0
"591",-1705000,5509864.71428571,0,291.677758289165,1.46114753564714,20.9531406120644,0.52,1,1,0,1,1,1,1,0,0
"592",-1615000,5509864.71428571,0,291.427101618398,1.44909595105616,16.993573487942,0.74,1,1,0,1,1,1,1,0,0
"593",-1525000,5509864.71428571,0,291.123612896437,1.43705278613677,9.9846412614898,0.88,1,1,0,1,1,1,1,0,0
"594",-1435000,5509864.71428571,0,290.907323761302,1.40817133359431,6.59868452316229,1,1,1,0,1,1,1,1,0,0
"595",-1345000,5509864.71428571,0,290.759214754902,1.38601886839405,6.1099239003982,0.88,1,1,0,1,1,1,1,0,0
"596",-1255000,5509864.71428571,0,290.59856513797,1.29990151135558,8.72729414417882,0.58,1,1,0,1,1,1,1,0,0
"597",-1165000,5509864.71428571,0,290.444784496652,1.23413777103892,10.3769973118044,0.56,1,1,0,1,1,1,1,0,0
"598",-1075000,5509864.71428571,0,290.258686389075,1.24532623525034,9.3988466916532,0.42,1,1,0,1,1,1,1,0,0
"599",-985000,5509864.71428571,0,290.203581773703,1.23262446497154,6.15998322809006,0.48,1,1,0,1,1,1,1,0,0
"600",-895000,5509864.71428571,0,290.099113791103,1.18148420183519,3.81061197914738,0.38,1,1,0,1,1,1,1,0,0
"601",-805000,5509864.71428571,0,289.943381624119,1.14682811093565,7.11280610037292,0.44,1,1,0,1,1,1,1,0,0
"602",-715000,5509864.71428571,0,289.797942608218,1.1757372696614,6.85239097760446,0.3,1,1,0,1,1,1,1,0,0
"603",-625000,5509864.71428571,0,289.64569133811,1.23494345867847,4.84763228330751,0.44,1,1,0,1,1,1,1,0,0
"604",-535000,5509864.71428571,0,289.574903728896,1.27996172851092,5.75492765732085,0.5,1,1,0,1,1,1,1,0,0
"605",-445000,5509864.71428571,0,289.545676374712,1.33200484633958,2.94075064683305,0.52,1,1,0,1,1,1,1,0,0
"606",-355000,5509864.71428571,0,289.491093902872,1.38324564547649,2.61431011523145,0.48,1,1,0,1,1,1,1,0,0
"607",-265000,5509864.71428571,0,289.363755399997,1.46270411189743,1.47649306924656,0.54,1,1,0,1,1,1,1,0,0
"608",-175000,5509864.71428571,0,289.241784745453,1.57666941359933,3.4847360574014,0.52,1,1,0,1,1,1,1,0,0
"609",-85000,5509864.71428571,0,289.172490114242,1.65273825023281,2.59705386037048,0.44,1,1,0,1,1,1,1,0,0
"610",5000,5509864.71428571,0,289.124517996257,1.68567712671084,2.31496274604322,0.44,1,1,0,1,1,1,1,0,0
"611",95000,5509864.71428571,0,289.084249889256,1.66595682407031,3.02657358347654,0.56,1,1,0,1,1,1,1,0,0
"612",185000,5509864.71428571,0,289.046814458538,1.58918530323402,3.44722603148406,0.38,1,1,0,1,1,1,1,0,0
"613",275000,5509864.71428571,0,289.003540362149,1.52879280674921,2.49788850153168,0.28,1,1,0,1,1,1,1,0,0
"614",365000,5509864.71428571,0,288.986014177649,1.50490073019007,2.236575737252,0.18,1,1,0,1,1,1,1,0,0
"615",455000,5509864.71428571,0,288.980359240432,1.40700062577166,2.69886770976124,0.2,1,1,0,1,1,1,1,0,0
"616",545000,5509864.71428571,0,288.998389805208,1.20875324248428,1.51015520221788,0.14,1,1,0,1,1,1,1,0,0
"617",635000,5509864.71428571,0,288.963607107825,1,1.98949898741506,0.34,1,1,0,0,1,1,1,0,0
"618",725000,5509864.71428571,NA,NA,NA,NA,NA,0,0,0,0,0,0,0,0,0
"619",815000,5509864.71428571,0,288.742757074136,1.17046567856863,1.99662439555464,0.74,1,1,0,1,0,1,1,0,0
"620",905000,5509864.71428571,0.28766840810898,288.571268050907,1.6087158015637,1.87841643905648,0.68,1,1,0,1,1,1,1,0,0
"621",995000,5509864.71428571,0.643929814599833,288.911898163982,1.85593784860736,2.7242891531257,0.08,1,1,0,1,1,1,0,0,0
"622",1085000,5509864.71428571,0.699271887387502,289.088286965398,1.59008689650645,3.4429728569075,0.02,1,0,0,1,1,1,1,0,0
"623",1175000,5509864.71428571,0.763734409205391,289.369412185176,1.55174544209067,3.25871411564797,0.02,1,1,0,0,1,0,1,0,0
"624",1265000,5509864.71428571,NA,NA,NA,NA,NA,0,0,0,0,0,0,0,0,0
"625",1355000,5509864.71428571,NA,NA,NA,NA,NA,0,0,0,0,0,0,0,0,0
"626",1445000,5509864.71428571,NA,NA,NA,NA,NA,0,0,0,0,0,0,0,0,0
"627",1535000,5509864.71428571,NA,NA,NA,NA,NA,0,0,0,0,0,0,0,0,0
"628",1625000,5509864.71428571,NA,NA,NA,NA,NA,0,0,0,0,0,0,0,0,0
"629",1715000,5509864.71428571,NA,NA,NA,NA,NA,0,0,0,0,0,0,0,0,0
"630",1805000,5509864.71428571,NA,NA,NA,NA,NA,0,0,0,0,0,0,0,0,0
