"","x","y","land_perc","temp","phyto","velo"
"1",-2155000,7426291.28571429,NA,4.01891723918612,2.90053064334424,0.1774402741331
"2",-2065000,7426291.28571429,NA,5.09318683579986,2.00913708498386,0.0897822000825099
"3",-1975000,7426291.28571429,NA,5.30941657242623,1.90532268338943,0.020374561737386
"4",-1885000,7426291.28571429,NA,5.32498169317671,1.88934063248434,0.0204235227156264
"5",-1795000,7426291.28571429,NA,5.27631746047069,1.871402309022,0.0197970184598334
"6",-1705000,7426291.28571429,NA,5.1933125473604,1.87215538715513,0.0193981116898129
"7",-1615000,7426291.28571429,NA,5.09378577088028,1.99666183077003,0.0319063460351988
"8",-1525000,7426291.28571429,NA,5.06499834052112,2.45564600232447,0.0452928574684783
"9",-1435000,7426291.28571429,NA,3.87365606532712,3.16441143480858,0.292283955746004
"10",-1345000,7426291.28571429,0.204542529807567,2.68982837052945,4.07543178002601,0.292737481619736
"11",-1255000,7426291.28571429,0.155535200839552,3.48964739229558,3.35048646111895,0.368717743889526
"12",-1165000,7426291.28571429,NA,5.86340601093064,2.45317730386348,0.235773310507579
"13",-1075000,7426291.28571429,NA,6.45931286549227,2.01742048440454,0.0446055548738935
"14",-985000,7426291.28571429,NA,6.64296861842883,1.92894511647761,0.026807196986956
"15",-895000,7426291.28571429,NA,6.93801280403992,1.89285564123326,0.0316288046664601
"16",-805000,7426291.28571429,NA,7.33411964885451,1.89420809086854,0.0329982718048457
"17",-715000,7426291.28571429,NA,7.73412280635117,1.89820580221621,0.0455822045197731
"18",-625000,7426291.28571429,NA,8.09977585041976,1.89509614701457,0.0421950061067059
"19",-535000,7426291.28571429,NA,8.46871186012634,1.8187509086362,0.103639306987327
"20",-445000,7426291.28571429,NA,8.83290246424747,1.73741389830404,0.12581708417429
"21",-355000,7426291.28571429,NA,9.1439715369574,1.71385585591226,0.0774215518007108
"22",-265000,7426291.28571429,NA,9.39683469938769,1.7140494607179,0.0466754087230312
"23",-175000,7426291.28571429,NA,9.59163270846854,1.69673035968265,0.0377886797541076
"24",-85000,7426291.28571429,NA,9.74922122092443,1.69060994165679,0.0269643368988938
"25",5000,7426291.28571429,NA,9.9077513670269,1.67798894127856,0.0356391600775659
"26",95000,7426291.28571429,NA,10.0257177571561,1.66460461767581,0.0613756424286071
"27",185000,7426291.28571429,NA,10.0685315739816,1.64497530376315,0.0593750384379224
"28",275000,7426291.28571429,NA,10.0816468748452,1.63645372265891,0.04455916458444
"29",365000,7426291.28571429,NA,10.153258213166,1.64570010508062,0.0625271452724978
"30",455000,7426291.28571429,NA,10.1456947107579,1.62967403192544,0.0683522013880394
"31",545000,7426291.28571429,NA,9.96756923323891,1.7662607042097,0.0472282498561533
"32",635000,7426291.28571429,NA,9.65878152126928,2.15487807839706,0.041668259793685
"33",725000,7426291.28571429,0.00997583609848848,9.29816779251228,2.40543340441815,0.0441672379700851
"34",815000,7426291.28571429,NA,9.75640479744287,2.32709727937694,0.085556144865155
"35",905000,7426291.28571429,NA,10.2376954828952,2.42460314419254,0.142048404604043
"36",995000,7426291.28571429,0.0930387147038669,10.0701027899562,2.82839207214971,0.0606314672099796
"37",1085000,7426291.28571429,NA,10.1123548679469,2.58380210992877,0.0353990713378393
"38",1175000,7426291.28571429,NA,10.1183119370806,2.51815408373413,0.0294613532016456
"39",1265000,7426291.28571429,NA,10.1874937464416,2.70320819471353,0.0247607187661621
"40",1355000,7426291.28571429,0.0677823628868036,10.0361107881139,2.35685180647584,0.0984666191619141
"41",1445000,7426291.28571429,0.720782479017599,9.76475376805044,3.22911806335445,0.0337175399024635
"42",1535000,7426291.28571429,1,NA,NA,NA
"43",1625000,7426291.28571429,0.699709464522059,10.3531068109192,2.6138699627548,0.234868306171243
"44",1715000,7426291.28571429,0.00185770508602293,10.392632361106,2.46877298690095,0.150790995214373
"45",1805000,7426291.28571429,6.67308276813409e-05,10.2604251057948,2.85421891502685,0.120711495471802
"46",-2155000,7278873.85714286,NA,3.04573655224775,3.55447829692983,0.296387299817098
"47",-2065000,7278873.85714286,NA,4.66019978397183,2.62296906277227,0.15256758235146
"48",-1975000,7278873.85714286,NA,5.34545864592356,2.04996566601895,0.0360658754908725
"49",-1885000,7278873.85714286,NA,5.52692873273425,1.89716392412099,0.0336674822314291
"50",-1795000,7278873.85714286,NA,5.49233507798601,1.87056674984205,0.0170574786744141
"51",-1705000,7278873.85714286,NA,5.44491618842669,1.86692759404142,0.0247805825355146
"52",-1615000,7278873.85714286,NA,5.45397905236809,1.88330159576723,0.0373558290402131
"53",-1525000,7278873.85714286,NA,5.54064127731519,1.91667129464801,0.0326642551160997
"54",-1435000,7278873.85714286,NA,5.61535774428629,2.05628655526088,0.0401614695421638
"55",-1345000,7278873.85714286,NA,5.64738637016882,2.31594717509929,0.0926638277953998
"56",-1255000,7278873.85714286,NA,5.87041133875229,2.16297567277004,0.0843338329812615
"57",-1165000,7278873.85714286,NA,6.09150574894067,1.94728004239633,0.0397537138309588
"58",-1075000,7278873.85714286,NA,6.40964062174693,1.87998629723766,0.0329143078716791
"59",-985000,7278873.85714286,NA,6.81881834296047,1.87540702839907,0.0365975061994666
"60",-895000,7278873.85714286,NA,7.23420330753593,1.87139992877784,0.0403307982029496
"61",-805000,7278873.85714286,NA,7.65895660280034,1.89522418614723,0.0355445976092862
"62",-715000,7278873.85714286,NA,8.08140100220471,1.89252535504936,0.0573624417266952
"63",-625000,7278873.85714286,NA,8.51563475824235,1.80689587791874,0.108914501289941
"64",-535000,7278873.85714286,NA,8.92960543040295,1.74252995682855,0.115415530753948
"65",-445000,7278873.85714286,NA,9.22157972096566,1.74437848366403,0.0608200889642111
"66",-355000,7278873.85714286,NA,9.48340269950945,1.72468737770081,0.0299957765005277
"67",-265000,7278873.85714286,NA,9.69349122786317,1.70322093665551,0.0325200729468902
"68",-175000,7278873.85714286,NA,9.91660457572503,1.69908189351867,0.0392019749628224
"69",-85000,7278873.85714286,NA,10.1545117957106,1.70634499991695,0.0761347742164053
"70",5000,7278873.85714286,NA,10.2620603574685,1.70695941238656,0.0668305818773028
"71",95000,7278873.85714286,NA,10.340984824873,1.71254699307231,0.0647463499644084
"72",185000,7278873.85714286,NA,10.3336300276602,1.71399499784298,0.059537090694443
"73",275000,7278873.85714286,NA,10.4012609852173,1.70202499519302,0.0574861240073101
"74",365000,7278873.85714286,NA,10.5365035987463,1.72361200578039,0.0676676529328835
"75",455000,7278873.85714286,NA,10.5702460877494,1.7720031934802,0.0325913697839531
"76",545000,7278873.85714286,NA,10.5275346190285,1.82902729629181,0.052553233087816
"77",635000,7278873.85714286,NA,10.5660895368662,1.8404747939234,0.0624543336707331
"78",725000,7278873.85714286,NA,10.6761381808052,1.93741409315095,0.0916120020838894
"79",815000,7278873.85714286,NA,10.6598881992011,2.48311441877639,0.112793640786737
"80",905000,7278873.85714286,0.0089353273429102,10.3666561990428,2.71887279785234,0.0882843300221509
"81",995000,7278873.85714286,0.0536524367698638,9.90971982207729,2.93510608048454,0.0832709491592809
"82",1085000,7278873.85714286,NA,10.0950035741757,2.49201297850687,0.044527281205319
"83",1175000,7278873.85714286,NA,10.1973843678552,2.1674246540492,0.0361541351341005
"84",1265000,7278873.85714286,NA,10.28559255272,2.22667266641641,0.0572086831428585
"85",1355000,7278873.85714286,NA,10.2676445503689,2.27889125448529,0.0741065017246257
"86",1445000,7278873.85714286,0.0612454426392655,10.2868474476223,2.45796885068825,0.0829640489337945
"87",1535000,7278873.85714286,0.238361208841395,10.3921786976351,2.51553602808295,0.10579578276545
"88",1625000,7278873.85714286,0.0453279762580003,10.5329192939325,2.24149719884728,0.154737115856098
"89",1715000,7278873.85714286,0.509330307634476,10.5573825835934,2.6073158873597,0.115167540821038
"90",1805000,7278873.85714286,0.32699955298012,10.3315056614743,1.97699095039816,0.0725640239303409
"91",-2155000,7131456.42857143,NA,2.17735955030149,3.59506728198254,0.109045824086308
"92",-2065000,7131456.42857143,NA,3.03073902292591,3.97606283494257,0.268814171418401
"93",-1975000,7131456.42857143,NA,4.91716516725267,2.93425700652411,0.1573122343746
"94",-1885000,7131456.42857143,NA,5.76454740803389,2.09029743963102,0.0219292444137208
"95",-1795000,7131456.42857143,NA,5.91115521275619,1.90918497314361,0.0141711825482356
"96",-1705000,7131456.42857143,NA,5.77666954229095,1.83159574672067,0.0280019416034571
"97",-1615000,7131456.42857143,NA,5.68168485198048,1.7928461818165,0.0310282783289389
"98",-1525000,7131456.42857143,NA,5.65970220095896,1.81195094721418,0.0319501062912712
"99",-1435000,7131456.42857143,NA,5.69521330460509,1.80490514801688,0.0206860670393381
"100",-1345000,7131456.42857143,NA,5.84028284552761,1.79845815023164,0.0239035176483033
"101",-1255000,7131456.42857143,NA,6.11203215150952,1.81301128223239,0.020657907849067
"102",-1165000,7131456.42857143,NA,6.45053492020586,1.80821668908524,0.0256065216959461
"103",-1075000,7131456.42857143,NA,6.87164658583604,1.8310236558718,0.0294684204919399
"104",-985000,7131456.42857143,NA,7.28555625697515,1.84428087325563,0.033006929844494
"105",-895000,7131456.42857143,NA,7.68677442061972,1.86442545501575,0.0563227810788593
"106",-805000,7131456.42857143,NA,8.0628962017759,1.86735620829366,0.0749745723945236
"107",-715000,7131456.42857143,NA,8.50453566103249,1.79224782822606,0.0686703096957372
"108",-625000,7131456.42857143,NA,8.95259977387955,1.75677653487542,0.0618126775556178
"109",-535000,7131456.42857143,NA,9.20624967193011,1.77934850608479,0.0414071813514219
"110",-445000,7131456.42857143,NA,9.45208691261704,1.78520774656498,0.0192277576853894
"111",-355000,7131456.42857143,NA,9.78769956902941,1.79099922496884,0.0489843963965523
"112",-265000,7131456.42857143,NA,10.0763041149144,1.7664339958817,0.0505149895874159
"113",-175000,7131456.42857143,NA,10.3279423802251,1.74251903898842,0.0908141668405132
"114",-85000,7131456.42857143,NA,10.4772429674348,1.7445398052497,0.0761050789796423
"115",5000,7131456.42857143,NA,10.5996558265262,1.75602818525502,0.0465899555843091
"116",95000,7131456.42857143,NA,10.7542781315881,1.7066568412782,0.074791184689273
"117",185000,7131456.42857143,NA,10.7427133064503,1.6976843504199,0.0396513502839943
"118",275000,7131456.42857143,NA,10.7776564961775,1.73296923893064,0.0517873872773921
"119",365000,7131456.42857143,NA,10.9082148154246,1.82148214551136,0.0414717986097796
"120",455000,7131456.42857143,NA,11.1398766331798,1.90735063827595,0.0341281066760221
"121",545000,7131456.42857143,NA,11.1922650895491,1.8943515558274,0.0437132538782205
"122",635000,7131456.42857143,NA,11.2283186993253,2.05956547842775,0.071258596364058
"123",725000,7131456.42857143,0.0408799635326543,10.9499498198254,2.6944776007488,0.0914315389386373
"124",815000,7131456.42857143,0.173417383582869,10.507707116536,2.92953476523997,0.0798220766357036
"125",905000,7131456.42857143,0.773211364028367,10.0727363856428,3.47638440016732,0.0650698430681939
"126",995000,7131456.42857143,0.364802688900202,10.0196613655311,3.11775051213196,0.0584743490809333
"127",1085000,7131456.42857143,0.121929468385174,10.0512217324985,2.62204687996106,0.0648350566965357
"128",1175000,7131456.42857143,NA,10.3447544087788,2.26329155259441,0.0510511799470761
"129",1265000,7131456.42857143,NA,10.4868497536319,2.00358451172033,0.0313951571352019
"130",1355000,7131456.42857143,NA,10.4038564988173,1.86596287939154,0.0235862185549652
"131",1445000,7131456.42857143,NA,10.4069262750664,1.86582624691236,0.0349811498236596
"132",1535000,7131456.42857143,NA,10.6449787618247,1.71517358084899,0.0544780660608041
"133",1625000,7131456.42857143,NA,10.8256691333728,2.12512088906096,0.0553827522087003
"134",1715000,7131456.42857143,0.629231807874052,10.6483327461286,2.85510809702452,0.0304724719623303
"135",1805000,7131456.42857143,0.693211464526535,10.1714532407314,2.46083582518245,0.0325631356038212
"136",-2155000,6984039,NA,2.47584493074234,3.80691228756901,0.0910695803067263
"137",-2065000,6984039,NA,3.08148521240396,3.92151485286562,0.235927876157291
"138",-1975000,6984039,NA,5.30579734975986,2.95049868981136,0.14267114104386
"139",-1885000,6984039,NA,6.44622604752678,2.17229907782209,0.0246263654558975
"140",-1795000,6984039,NA,6.59960872740237,1.9567952231394,0.031355814421526
"141",-1705000,6984039,NA,6.42347511541848,1.82722358328547,0.0363351826415365
"142",-1615000,6984039,NA,6.21604656935696,1.78465300017103,0.0358664929184265
"143",-1525000,6984039,NA,6.19409014709686,1.79187279142288,0.0274271530008316
"144",-1435000,6984039,NA,6.2283801156324,1.79349807876018,0.0220021469871981
"145",-1345000,6984039,NA,6.37510105544655,1.76370139749157,0.0200996283036319
"146",-1255000,6984039,NA,6.64397432379836,1.77715151455224,0.0234096260935622
"147",-1165000,6984039,NA,7.00100123134461,1.79991652533745,0.027054638376932
"148",-1075000,6984039,NA,7.36557010656127,1.83138095299229,0.0307454242021667
"149",-985000,6984039,NA,7.74544448451033,1.84265962988795,0.0460251166620019
"150",-895000,6984039,NA,8.12822087604743,1.84777970746341,0.0566934115532282
"151",-805000,6984039,NA,8.52187305447716,1.82873951539395,0.0287686376832238
"152",-715000,6984039,NA,8.84100694835,1.8136445912336,0.0328540969647562
"153",-625000,6984039,NA,9.11240923404385,1.80676924657119,0.0254602681148294
"154",-535000,6984039,NA,9.38035109591018,1.79418585755756,0.0487480947746059
"155",-445000,6984039,NA,9.65908056694789,1.80518867692061,0.0354157186121183
"156",-355000,6984039,NA,10.0140015616017,1.80064950287776,0.0507173403594844
"157",-265000,6984039,NA,10.4103746180503,1.76018971311864,0.0835698724879781
"158",-175000,6984039,NA,10.7354801425168,1.73730755070912,0.0869846377181378
"159",-85000,6984039,NA,10.8829686429823,1.76346970115678,0.0565088512367422
"160",5000,6984039,NA,11.1206739714947,1.71886726262124,0.0870561947795823
"161",95000,6984039,NA,11.1618259260587,1.73161765209386,0.0401914993115447
"162",185000,6984039,NA,11.1603583990965,1.7654317046134,0.0414569563342658
"163",275000,6984039,NA,11.1287297112445,1.84955106789185,0.0492302718273264
"164",365000,6984039,NA,11.0393090182863,2.11218066306877,0.0296254472030597
"165",455000,6984039,NA,11.5148845504998,1.94893656030221,0.0611009552337425
"166",545000,6984039,NA,11.657714276938,1.89408333752405,0.0469395042972176
"167",635000,6984039,NA,11.613991483871,2.19924406040701,0.0676532251162302
"168",725000,6984039,0.0435401072135132,11.0582719735163,2.7664909997899,0.0547980407048105
"169",815000,6984039,0.259718792378872,10.6513307949447,2.75825682949642,0.0609695852322074
"170",905000,6984039,0.928540048096189,10.3185158486375,3.09058375664927,0.0125990256962377
"171",995000,6984039,0.957377226589985,9.84375829947353,5.94688908208803,0.0178990133312335
"172",1085000,6984039,0.198791154831773,9.95677509449548,3.63960993721133,0.0290561342944577
"173",1175000,6984039,NA,10.4267815226942,2.26164392826907,0.0317389654812627
"174",1265000,6984039,NA,10.7016366221268,1.91610002465186,0.0326535186764528
"175",1355000,6984039,NA,10.7286462131305,1.82960826326173,0.0362062703237135
"176",1445000,6984039,NA,10.7211535683744,1.77081336144208,0.0326909460294505
"177",1535000,6984039,NA,10.9443155203333,1.46227925313456,0.0284849170622258
"178",1625000,6984039,NA,11.2793559246992,1.87096348846867,0.0334690128784323
"179",1715000,6984039,0.00923442218093899,11.0713275514709,2.99567516090184,0.0286817824955952
"180",1805000,6984039,0.436074664868263,11.1215207606856,5.42585896587012,0.0201419253873376
"181",-2155000,6836621.57142857,NA,3.38528511039305,3.26098190623088,0.0659068570756588
"182",-2065000,6836621.57142857,NA,3.55681311030981,3.65277591898956,0.156522110312731
"183",-1975000,6836621.57142857,NA,5.48459147883573,3.08420175636842,0.18247066129572
"184",-1885000,6836621.57142857,NA,7.20431849787617,2.23627930398727,0.0295413456655827
"185",-1795000,6836621.57142857,NA,7.53820361709937,2.01130075927193,0.0406137759078113
"186",-1705000,6836621.57142857,NA,7.4781076485669,1.90492368316502,0.0496015693266979
"187",-1615000,6836621.57142857,NA,7.33841368591462,1.8376561877208,0.0387848632180733
"188",-1525000,6836621.57142857,NA,7.12735239323175,1.79736625281514,0.0432109701813455
"189",-1435000,6836621.57142857,NA,6.90970328836797,1.78452421945945,0.0259499899742381
"190",-1345000,6836621.57142857,NA,6.92631137043686,1.76280589379035,0.0245627890206981
"191",-1255000,6836621.57142857,NA,7.10545113597257,1.77297224983266,0.0246519435674527
"192",-1165000,6836621.57142857,NA,7.48357639837878,1.80669942480179,0.0241826385784274
"193",-1075000,6836621.57142857,NA,7.8320616190483,1.82732003244894,0.0282917458341571
"194",-985000,6836621.57142857,NA,8.14709864441627,1.8273060119899,0.0389893191997408
"195",-895000,6836621.57142857,NA,8.45483307500957,1.79723399938654,0.0203048938166892
"196",-805000,6836621.57142857,NA,8.74442780691897,1.75917109679857,0.0252300653310148
"197",-715000,6836621.57142857,NA,8.9916780815314,1.70215324895534,0.0345531089816894
"198",-625000,6836621.57142857,NA,9.31735742624806,1.67371733718571,0.0554318483469868
"199",-535000,6836621.57142857,NA,9.65656348820506,1.72419944707905,0.0431428682193476
"200",-445000,6836621.57142857,NA,10.0168423179336,1.74734521281521,0.0260309382850999
"201",-355000,6836621.57142857,NA,10.4750319487614,1.736765133613,0.0852272252458138
"202",-265000,6836621.57142857,NA,10.8342495007986,1.72492123106929,0.0910633463748914
"203",-175000,6836621.57142857,NA,11.1073855730147,1.73515304625233,0.0541499029833466
"204",-85000,6836621.57142857,NA,11.3378694599551,1.75346930228672,0.0542998223369323
"205",5000,6836621.57142857,NA,11.5509206002208,1.72277684789191,0.0614907278726072
"206",95000,6836621.57142857,NA,11.6284941954245,1.74642840234646,0.0492519074036436
"207",185000,6836621.57142857,NA,11.5470644670128,1.82274274921974,0.0523425962078171
"208",275000,6836621.57142857,NA,11.415799738173,1.96217103637216,0.0483867355048464
"209",365000,6836621.57142857,NA,11.7614571213239,1.95077889987105,0.0665756131949523
"210",455000,6836621.57142857,NA,11.9976254187159,1.88510668075731,0.0589801901911376
"211",545000,6836621.57142857,NA,11.9661844806546,1.92188123300264,0.0460845674063018
"212",635000,6836621.57142857,NA,11.9485279031155,2.16111212471882,0.0563849473777165
"213",725000,6836621.57142857,0.0231265451513587,11.6459520352451,2.95471271760292,0.0591891408559616
"214",815000,6836621.57142857,0.134268442798276,10.9901171056049,3.46867112619659,0.0551194331269341
"215",905000,6836621.57142857,0.356380301569696,10.691996360486,4.022763560002,0.0257173701287503
"216",995000,6836621.57142857,0.900649185492639,10.8839360594588,4.93312633550579,0.0205987750660513
"217",1085000,6836621.57142857,0.968757613523268,10.4871149064642,4.24666409748712,0.0137074456826807
"218",1175000,6836621.57142857,0.456730053132968,10.3647250285404,3.2034117770484,0.0325085227241598
"219",1265000,6836621.57142857,0.0626812540708038,10.696877166298,2.69755368123368,0.030840644059554
"220",1355000,6836621.57142857,NA,10.7141235858583,1.9789488977135,0.0250518078288503
"221",1445000,6836621.57142857,NA,11.0724943179925,1.62360515476252,0.0219946047390665
"222",1535000,6836621.57142857,NA,11.4782053836775,1.66230385724703,0.0288281503729651
"223",1625000,6836621.57142857,0.0761774478891448,11.6328918151005,3.4115221969148,0.0446896778288993
"224",1715000,6836621.57142857,0.0981674490011196,11.3629056925886,3.95137852175402,0.0370448737379683
"225",1805000,6836621.57142857,0.87030738314586,11.3734521778763,5.44663121170968,0.0163962279460259
"226",-2155000,6689204.14285714,NA,4.12971391896953,3.06147406752779,0.0632842967791169
"227",-2065000,6689204.14285714,NA,4.04605467444581,3.37400905680217,0.101477413948638
"228",-1975000,6689204.14285714,NA,5.45450995785938,3.21326888526837,0.219330778819791
"229",-1885000,6689204.14285714,NA,7.45120062503278,2.33759498847935,0.0421270988183297
"230",-1795000,6689204.14285714,NA,8.39579919422418,2.07398813929282,0.0424652626493006
"231",-1705000,6689204.14285714,NA,8.81951238901404,2.03429445906233,0.0486281554512801
"232",-1615000,6689204.14285714,NA,8.87574138101432,1.99036040776322,0.0611910485238412
"233",-1525000,6689204.14285714,NA,8.66220672228572,1.93603063001298,0.0919087218291155
"234",-1435000,6689204.14285714,NA,8.23789352340736,1.87827786494427,0.0595382065792175
"235",-1345000,6689204.14285714,NA,7.84838544428439,1.83858263648742,0.0428224173800424
"236",-1255000,6689204.14285714,NA,7.75366939350265,1.79980449774597,0.036928122104295
"237",-1165000,6689204.14285714,NA,7.90648824305787,1.77057218781848,0.0332450322986463
"238",-1075000,6689204.14285714,NA,8.18336770558104,1.73658101343822,0.0257402652122379
"239",-985000,6689204.14285714,NA,8.40082863355573,1.71108622435335,0.0210909424295582
"240",-895000,6689204.14285714,NA,8.62702056202419,1.66492806800835,0.0307206798169658
"241",-805000,6689204.14285714,NA,8.86310518329475,1.642787453957,0.0259519507568899
"242",-715000,6689204.14285714,NA,9.16725213435826,1.64352782361509,0.0260337827706791
"243",-625000,6689204.14285714,NA,9.52235002030336,1.64317243771798,0.0349846886871924
"244",-535000,6689204.14285714,NA,9.85200445634586,1.69015900356329,0.0304589139578402
"245",-445000,6689204.14285714,NA,10.3235235027693,1.69308923284253,0.0818887971658414
"246",-355000,6689204.14285714,NA,10.7179025080507,1.72757189018762,0.0499423243623247
"247",-265000,6689204.14285714,NA,10.8851420199107,1.74863762953922,0.0379840283920636
"248",-175000,6689204.14285714,NA,11.2196370155635,1.7561470045907,0.0842656043393347
"249",-85000,6689204.14285714,NA,11.601923315267,1.80263577553594,0.114377528101565
"250",5000,6689204.14285714,NA,11.878810439989,1.76821449193811,0.0737844079152896
"251",95000,6689204.14285714,NA,12.0495912390468,1.78186385039716,0.0412798013301413
"252",185000,6689204.14285714,NA,12.0975597903221,1.8176409624457,0.0331418923554439
"253",275000,6689204.14285714,NA,12.217159059413,1.83240231084678,0.0426046558562574
"254",365000,6689204.14285714,NA,12.3281344346905,1.84157424844701,0.0453926158501863
"255",455000,6689204.14285714,NA,12.2169928142059,1.86018728966052,0.0955730112293602
"256",545000,6689204.14285714,NA,12.1766273403478,1.96750787531625,0.0833055223966333
"257",635000,6689204.14285714,0.115774984032898,11.9545522035988,2.79436143736363,0.0666530147101054
"258",725000,6689204.14285714,0.0170415225512352,11.6949540910461,3.29193391152828,0.0375753741475466
"259",815000,6689204.14285714,0.530950895413822,11.1788744322726,4.19878166191593,NA
"260",905000,6689204.14285714,0.352631693258012,11.1520644936489,3.1024297898672,0.0270206970387886
"261",995000,6689204.14285714,0.0140846364083916,11.2692685703545,2.78052186094471,0.0316709239867225
"262",1085000,6689204.14285714,0.5348265811565,11.3610246258327,4.75334918270205,0.0180976258098571
"263",1175000,6689204.14285714,1,NA,NA,NA
"264",1265000,6689204.14285714,0.843587087660343,10.3333171619132,3.25151685373924,0.0146866060039396
"265",1355000,6689204.14285714,0.283588189926706,10.7433355723871,3.36034688354784,0.0189801069341231
"266",1445000,6689204.14285714,0.0933885523974959,11.2932131707852,1.97756966545714,0.0213113390832272
"267",1535000,6689204.14285714,NA,11.8978396516758,3.50590345848873,0.0303485638875497
"268",1625000,6689204.14285714,0.615146894741931,11.9361231250501,6.53645280936339,0.0486303435544037
"269",1715000,6689204.14285714,0.0873111030141341,11.8940266030744,6.01092892304653,NA
"270",1805000,6689204.14285714,0.930405671610039,NA,NA,NA
"271",-2155000,6541786.71428571,NA,4.4701527758155,3.32113833611666,0.132726864781943
"272",-2065000,6541786.71428571,NA,4.84463471300366,3.20075823013836,0.142922363816068
"273",-1975000,6541786.71428571,NA,6.2703886678195,2.95047209690499,0.131900575283904
"274",-1885000,6541786.71428571,NA,7.56602058150962,2.39280006305863,0.0410037039261916
"275",-1795000,6541786.71428571,NA,8.73924081233766,2.12462806625455,0.0546835005134252
"276",-1705000,6541786.71428571,NA,9.93438121964843,2.06866153997548,0.182634624877641
"277",-1615000,6541786.71428571,NA,10.7275440977588,2.05584809049165,0.194654144610709
"278",-1525000,6541786.71428571,NA,10.5710878249858,2.01931691738145,0.126057319235245
"279",-1435000,6541786.71428571,NA,10.1533585269857,1.98240807564882,0.106453671697215
"280",-1345000,6541786.71428571,NA,9.41621867376656,1.90903157704464,0.0978832058957023
"281",-1255000,6541786.71428571,NA,9.06582935001401,1.8206645107748,0.0870947830202218
"282",-1165000,6541786.71428571,NA,8.86025907341349,1.80886368967841,0.0619803475697817
"283",-1075000,6541786.71428571,NA,8.82720154067214,1.74908494434264,0.0503183610156787
"284",-985000,6541786.71428571,NA,8.96228676536778,1.71061722821608,0.0621697095004614
"285",-895000,6541786.71428571,NA,9.12949792899685,1.69474048553671,0.0576330801931936
"286",-805000,6541786.71428571,NA,9.33112701072069,1.68763870653416,0.0695935040048814
"287",-715000,6541786.71428571,NA,9.53347280837801,1.67699403885708,0.0638032583439673
"288",-625000,6541786.71428571,NA,9.76731136483274,1.67390302620044,0.0520953427920894
"289",-535000,6541786.71428571,NA,10.1988690338887,1.68996849618121,0.0827445790108315
"290",-445000,6541786.71428571,NA,10.9857785359693,1.68324906298815,0.123313190694957
"291",-355000,6541786.71428571,NA,11.1464075854427,1.7065391299125,0.097021192865285
"292",-265000,6541786.71428571,NA,11.1810493751876,1.7326569174359,0.0810558294166868
"293",-175000,6541786.71428571,NA,11.7043011913119,1.73804229042839,0.166292776770733
"294",-85000,6541786.71428571,NA,11.9705312713754,1.78105922054036,0.0674501758691756
"295",5000,6541786.71428571,NA,12.1985162835782,1.78301788364603,0.0469724313041317
"296",95000,6541786.71428571,NA,12.4084820404629,1.80304543863222,0.0343740972590932
"297",185000,6541786.71428571,NA,12.561702463103,1.80791086788799,0.0664722369547916
"298",275000,6541786.71428571,NA,12.6740693451512,1.81232566701875,0.0688430421597119
"299",365000,6541786.71428571,NA,12.5976958305277,1.9287791444644,0.0457338131500739
"300",455000,6541786.71428571,NA,12.4684942833257,2.12242456360052,0.0284211741587063
"301",545000,6541786.71428571,NA,12.4818940610123,2.46505636533798,0.0337945151328287
"302",635000,6541786.71428571,0.104627849375715,12.1202419313167,2.98095912675349,0.0313186393455384
"303",725000,6541786.71428571,0.858794377869472,11.9056122545299,4.31666679664978,0.0190222707840908
"304",815000,6541786.71428571,1,NA,NA,NA
"305",905000,6541786.71428571,0.582063746935532,11.5520482396805,3.03782783253523,0.0269517605891425
"306",995000,6541786.71428571,0.1051934443966,11.7304983911566,2.6022464492297,0.030428489541367
"307",1085000,6541786.71428571,0.910287003148134,11.8555303530569,4.42985161059444,0.00988817836110778
"308",1175000,6541786.71428571,0.999544705547416,12.2439775214259,6.74778359693934,NA
"309",1265000,6541786.71428571,1,NA,NA,NA
"310",1355000,6541786.71428571,0.988731470549809,12.1696412459619,6.51669417866559,0.00326041745589012
"311",1445000,6541786.71428571,1.23518916056191e-06,12.2387795551982,3.57102441813652,0.0301866145138949
"312",1535000,6541786.71428571,0.18228667836151,12.3858059359637,3.94918563023724,0.0371278819601819
"313",1625000,6541786.71428571,0.572971497963451,12.1179621678754,6.96436674874746,0.0374156891304806
"314",1715000,6541786.71428571,0.691213344366811,NA,NA,NA
"315",1805000,6541786.71428571,0.191451251404977,NA,NA,NA
"316",-2155000,6394369.28571429,NA,5.02281762053341,3.30974038523689,0.122432526604284
"317",-2065000,6394369.28571429,NA,5.27860728793719,3.29204990437483,0.239285576668976
"318",-1975000,6394369.28571429,NA,6.63035657215937,2.8242564010442,0.140799284210454
"319",-1885000,6394369.28571429,NA,7.67234426788937,2.445352383083,0.0719059784753497
"320",-1795000,6394369.28571429,NA,8.39413806461104,2.43258734150033,0.090470183662939
"321",-1705000,6394369.28571429,NA,9.92200248353536,2.33407640189625,0.178509104712198
"322",-1615000,6394369.28571429,NA,11.4922908504861,2.20692823594196,0.123217882706311
"323",-1525000,6394369.28571429,NA,12.1696138629019,2.10065964249003,0.132245683554163
"324",-1435000,6394369.28571429,NA,12.1379156424704,2.06015759445716,0.216176448978287
"325",-1345000,6394369.28571429,NA,11.4144723344883,1.99257793441694,0.159448158699788
"326",-1255000,6394369.28571429,NA,11.0192702540492,1.85374545314364,0.068773926311397
"327",-1165000,6394369.28571429,NA,10.7401096387441,1.81509134113927,0.132833607192656
"328",-1075000,6394369.28571429,NA,10.4912892556416,1.79713270587673,0.123835839984529
"329",-985000,6394369.28571429,NA,10.6033583923431,1.76429107871206,0.0924961293475493
"330",-895000,6394369.28571429,NA,10.7488755446153,1.70907550026973,0.0763379483185944
"331",-805000,6394369.28571429,NA,10.9045223359085,1.67872442926092,0.117431636427912
"332",-715000,6394369.28571429,NA,11.0789793409046,1.66480554817956,0.127971902328965
"333",-625000,6394369.28571429,NA,11.2670300674452,1.67023405533929,0.133895435697521
"334",-535000,6394369.28571429,NA,11.5042542862486,1.69816458843711,0.110365010882685
"335",-445000,6394369.28571429,NA,11.7701309438373,1.70455130477522,0.109230409030093
"336",-355000,6394369.28571429,NA,11.7380029083225,1.72118745035063,0.0944348276394683
"337",-265000,6394369.28571429,NA,11.8108798286582,1.76093820375002,0.11723892614859
"338",-175000,6394369.28571429,NA,12.2202464388283,1.77990603694258,0.0885855325785441
"339",-85000,6394369.28571429,NA,12.4311118541998,1.78514371647538,0.0871586012299904
"340",5000,6394369.28571429,NA,12.5704591971074,1.77035075925744,0.088994479533023
"341",95000,6394369.28571429,NA,12.926008543743,1.77988637281213,0.0732180148610181
"342",185000,6394369.28571429,NA,13.0452550578904,1.80148519640283,0.0444316673236425
"343",275000,6394369.28571429,NA,13.0063562296616,1.83647690657668,0.0434864430270546
"344",365000,6394369.28571429,NA,12.8430371892612,2.09723069167077,0.0413823832119498
"345",455000,6394369.28571429,NA,12.9305700503929,2.2813099870094,0.0323996886185761
"346",545000,6394369.28571429,NA,13.0095030093417,2.39167028718143,0.0284986318902336
"347",635000,6394369.28571429,0.0918437648931296,12.4015675667641,2.60635786260929,0.0259547609239243
"348",725000,6394369.28571429,0.682001925140053,12.2664081261716,2.64798231679055,0.0214056783071676
"349",815000,6394369.28571429,0.338647568451041,12.4758887356028,2.81601242325216,0.0302168033931448
"350",905000,6394369.28571429,0.029289157891829,12.5007922467025,2.07132454959274,0.0243565818739314
"351",995000,6394369.28571429,0.114793136109155,12.5730945253698,1.80704043960699,0.0207326023796388
"352",1085000,6394369.28571429,0.589953530330104,12.4253735294635,4.86233697478828,0.0219248769050269
"353",1175000,6394369.28571429,0.737673029186896,12.5806041261723,3.77225761989121,0.0146949801058769
"354",1265000,6394369.28571429,0.621744049597934,12.7095144387402,2.1453658951351,0.0264745231189346
"355",1355000,6394369.28571429,0.397205587324403,12.7419467275322,2.12604523012666,0.0266227240780525
"356",1445000,6394369.28571429,0.126230496903015,12.7279278103451,4.2316243265418,0.0393444744356556
"357",1535000,6394369.28571429,0.00546209740380025,12.7191067306224,4.93578720375711,0.0199476188591633
"358",1625000,6394369.28571429,0.11694549487503,NA,NA,NA
"359",1715000,6394369.28571429,0.330548426491095,NA,NA,NA
"360",1805000,6394369.28571429,0.15994681672212,NA,NA,NA
"361",-2155000,6246951.85714286,NA,6.26289722632712,2.71183607985792,0.0385668446880671
"362",-2065000,6246951.85714286,NA,5.37423534547021,3.38745729148963,0.136834488460994
"363",-1975000,6246951.85714286,NA,5.68498865456054,3.54506365525719,0.203312689989722
"364",-1885000,6246951.85714286,NA,7.0454841619275,3.07843505804288,0.0913036132351433
"365",-1795000,6246951.85714286,NA,7.56203526569204,2.83664014982604,0.0752732380366216
"366",-1705000,6246951.85714286,NA,8.94290580029184,2.74576625318188,0.111517405370799
"367",-1615000,6246951.85714286,NA,11.7665714384539,2.31869354049502,0.24388709025565
"368",-1525000,6246951.85714286,NA,13.501675195107,2.09772848407719,0.160527384882814
"369",-1435000,6246951.85714286,NA,13.6382347699608,2.06076260385201,0.132768027674091
"370",-1345000,6246951.85714286,NA,12.9913890525901,2.02695458877271,0.216066335870721
"371",-1255000,6246951.85714286,NA,12.7362396672161,1.88369026906422,0.176333998246042
"372",-1165000,6246951.85714286,NA,12.6647924395716,1.79676894432858,0.183774063202224
"373",-1075000,6246951.85714286,NA,12.349998943703,1.74546115045249,0.176104988614236
"374",-985000,6246951.85714286,NA,12.2651467368676,1.72438207893531,0.127171595495959
"375",-895000,6246951.85714286,NA,12.2632631254253,1.71013839197548,0.11719063921705
"376",-805000,6246951.85714286,NA,12.0910554587063,1.68366457194153,0.133675989010985
"377",-715000,6246951.85714286,NA,12.201641924799,1.64550160371632,0.0912815258162044
"378",-625000,6246951.85714286,NA,12.4403877807995,1.64124820128973,0.0744296564938538
"379",-535000,6246951.85714286,NA,12.4352091682046,1.68741264759747,0.0950449430604763
"380",-445000,6246951.85714286,NA,12.5050352133956,1.70945027346415,0.0501928862451634
"381",-355000,6246951.85714286,NA,12.6632282437843,1.69716164721715,0.0841772431815087
"382",-265000,6246951.85714286,NA,12.7918027547395,1.70284172928564,0.0644781700890289
"383",-175000,6246951.85714286,NA,12.8817875933673,1.7699601067314,0.0761839740507167
"384",-85000,6246951.85714286,NA,13.0357551524495,1.78950184598667,0.113548537308585
"385",5000,6246951.85714286,NA,13.1828551902916,1.75392878261008,0.0977648580910397
"386",95000,6246951.85714286,NA,13.3966061544659,1.82104097600151,0.101571178205589
"387",185000,6246951.85714286,NA,13.4238532801873,1.86274164518318,0.0728526244048778
"388",275000,6246951.85714286,NA,13.391952070889,1.88519522820006,0.0768929139225896
"389",365000,6246951.85714286,NA,13.3976124602976,1.96484949583077,0.0610345988673045
"390",455000,6246951.85714286,NA,13.442832966453,2.07693665498797,0.0385646429951816
"391",545000,6246951.85714286,NA,13.5233018037203,2.22670136051434,0.031234415752159
"392",635000,6246951.85714286,NA,13.3543779462246,2.35328892027965,0.025056417433985
"393",725000,6246951.85714286,NA,12.9954137898738,2.00158180080304,0.0279896344599142
"394",815000,6246951.85714286,NA,13.0708658120912,1.66931148799312,0.020910105558545
"395",905000,6246951.85714286,NA,13.1322362643772,1.38463254379173,0.0146330856321751
"396",995000,6246951.85714286,0.0618639151181282,12.9466060184468,1.33799576143252,0.0197263258462722
"397",1085000,6246951.85714286,0.212417537949493,13.0922165474516,1.49967998270972,0.0218883708990487
"398",1175000,6246951.85714286,0.0246401035111797,13.013058456036,1.23830724994872,0.020838713624233
"399",1265000,6246951.85714286,0.0845854235265707,13.0358459581638,1.30952364708997,0.0212848499918415
"400",1355000,6246951.85714286,0.52658156812324,12.9709501142863,1.71465293219678,0.0152478072585783
"401",1445000,6246951.85714286,0.895439107304264,12.9565626899991,2.85705949543395,0.0209311308401557
"402",1535000,6246951.85714286,1,NA,NA,NA
"403",1625000,6246951.85714286,1,NA,NA,NA
"404",1715000,6246951.85714286,1,NA,NA,NA
"405",1805000,6246951.85714286,1,NA,NA,NA
"406",-2155000,6099534.42857143,NA,6.79624675106788,3.09602764740849,0.149852230959226
"407",-2065000,6099534.42857143,NA,6.74219801441244,3.36247015497546,0.18347944665207
"408",-1975000,6099534.42857143,NA,7.87168968712387,3.15590701939989,0.0970374689563884
"409",-1885000,6099534.42857143,NA,8.72100690642912,2.79205275004554,0.0595297495405672
"410",-1795000,6099534.42857143,NA,8.9511992025565,2.70217168058495,0.0792448990614085
"411",-1705000,6099534.42857143,NA,10.3347387478535,2.71833242219463,0.115734628015642
"412",-1615000,6099534.42857143,NA,12.8527042960572,2.30491839845504,0.186391214837879
"413",-1525000,6099534.42857143,NA,14.3090188737177,2.19107517096812,0.18029117422533
"414",-1435000,6099534.42857143,NA,14.7048086328018,2.09177844059429,0.132027514558357
"415",-1345000,6099534.42857143,NA,14.3729179570719,2.02329501272009,0.1408108497385
"416",-1255000,6099534.42857143,NA,14.0146736309305,1.95424191110421,0.0915414368810495
"417",-1165000,6099534.42857143,NA,13.7226033248371,1.82875510470239,0.0627406461457876
"418",-1075000,6099534.42857143,NA,13.506589979957,1.75472300643463,0.138020321878087
"419",-985000,6099534.42857143,NA,13.3549476174686,1.73377600420266,0.107588679501373
"420",-895000,6099534.42857143,NA,13.3554708037778,1.70860579244104,0.109046843921924
"421",-805000,6099534.42857143,NA,13.3204833223949,1.68785102915415,0.0805113549910602
"422",-715000,6099534.42857143,NA,13.3515813532048,1.64156695319741,0.0711626377200872
"423",-625000,6099534.42857143,NA,13.4330225562248,1.60937907054443,0.0681028148252827
"424",-535000,6099534.42857143,NA,13.3697196974641,1.63033019718902,0.083440143510241
"425",-445000,6099534.42857143,NA,13.3113047413073,1.66817237727361,0.0885437714377995
"426",-355000,6099534.42857143,NA,13.3684316796672,1.68777091750402,0.0579194170009744
"427",-265000,6099534.42857143,NA,13.4889671661834,1.70669018574621,0.0532633390168507
"428",-175000,6099534.42857143,NA,13.5848309385514,1.73613638496362,0.062397800566958
"429",-85000,6099534.42857143,NA,13.6408968272196,1.7824781562331,0.0452230059599001
"430",5000,6099534.42857143,NA,13.7014045618839,1.79698344138301,0.07259836292316
"431",95000,6099534.42857143,NA,13.8407762322137,1.84186675540697,0.0559444206678035
"432",185000,6099534.42857143,NA,13.9158935684458,1.86353786972443,0.0321372784383078
"433",275000,6099534.42857143,NA,13.9192432676338,1.87267598292868,0.05497831633496
"434",365000,6099534.42857143,NA,13.8761888604359,1.91753147216127,0.0403194967929641
"435",455000,6099534.42857143,NA,13.9108588843627,2.00657849131984,0.0266859000374047
"436",545000,6099534.42857143,NA,13.9313769410257,2.07343457954368,0.035190058304331
"437",635000,6099534.42857143,NA,13.7960367144967,2.25032647169492,0.0269103447370191
"438",725000,6099534.42857143,NA,13.6524110314311,2.21910142107588,0.017019351198687
"439",815000,6099534.42857143,NA,13.7119725204529,1.9574689427258,0.0150774925704447
"440",905000,6099534.42857143,NA,13.7491551842047,1.60885238514893,0.0118698965080908
"441",995000,6099534.42857143,NA,13.7238363164811,1.30742132017829,0.0112921158266721
"442",1085000,6099534.42857143,0.0660831153241326,13.2076789739048,1.33356080377692,0.0110946336895319
"443",1175000,6099534.42857143,0.692088126016267,13.2736654907151,1.89000868265113,0.0143760340579828
"444",1265000,6099534.42857143,0.790954895568539,13.3267672652754,2.51956651907253,0.00839579487187563
"445",1355000,6099534.42857143,0.97488585137649,13.3395119554475,3.25393839958194,0.0034507200173984
"446",1445000,6099534.42857143,1,NA,NA,NA
"447",1535000,6099534.42857143,1,NA,NA,NA
"448",1625000,6099534.42857143,1,NA,NA,NA
"449",1715000,6099534.42857143,1,NA,NA,NA
"450",1805000,6099534.42857143,1,NA,NA,NA
"451",-2155000,5952117,NA,9.8631209790517,2.62808454326398,0.179105709215864
"452",-2065000,5952117,NA,11.2328115120487,2.30949431980734,0.191602361288428
"453",-1975000,5952117,NA,11.6296284848407,2.34327334625522,0.156664879896219
"454",-1885000,5952117,NA,12.8085449292277,2.28497877548099,0.190247722357878
"455",-1795000,5952117,NA,14.2263734768093,2.1405548881037,0.271369642188651
"456",-1705000,5952117,NA,15.0181646609376,2.14460586243459,0.322607861681686
"457",-1615000,5952117,NA,15.3510862149423,2.12997389675792,0.265255398078989
"458",-1525000,5952117,NA,15.6595554143266,2.05177385439048,0.162396639456467
"459",-1435000,5952117,NA,15.7559560540798,1.92426957632434,0.100988217220387
"460",-1345000,5952117,NA,15.352577646338,1.9056438269694,0.147949423060613
"461",-1255000,5952117,NA,14.8233945488532,1.87319406885949,0.0686573215178978
"462",-1165000,5952117,NA,14.5250878842679,1.78803027660923,0.0519925356505012
"463",-1075000,5952117,NA,14.4229786565945,1.73671894470509,0.0962986371162724
"464",-985000,5952117,NA,14.3489971595823,1.72572541753363,0.0960243723190035
"465",-895000,5952117,NA,14.3356781696867,1.7010758035765,0.0726826024425711
"466",-805000,5952117,NA,14.3855030258612,1.66230537739214,0.110093460459379
"467",-715000,5952117,NA,14.3014781638358,1.59278482479093,0.100584721923507
"468",-625000,5952117,NA,14.2716161296549,1.54167617045538,0.0720010411342566
"469",-535000,5952117,NA,14.2844790200534,1.57748980754554,0.0557718961402448
"470",-445000,5952117,NA,14.2424649050974,1.62147826262599,0.0653741305251563
"471",-355000,5952117,NA,14.2083934762458,1.69007152719751,0.0855897698138945
"472",-265000,5952117,NA,14.1992140901386,1.69056535848312,0.0835530592430785
"473",-175000,5952117,NA,14.2668834044608,1.72207229848717,0.0760096755065558
"474",-85000,5952117,NA,14.3278396377668,1.78518576546182,0.0630670396091525
"475",5000,5952117,NA,14.3260849730233,1.79996465137808,0.0541926708273551
"476",95000,5952117,NA,14.3573112859823,1.83351084686869,0.0709489781104786
"477",185000,5952117,NA,14.4131162202603,1.87689922636282,0.0583621280947755
"478",275000,5952117,NA,14.4570638360875,1.91362237829587,0.0547746960609644
"479",365000,5952117,NA,14.3877800599916,1.9330615491678,0.0497239443929363
"480",455000,5952117,NA,14.3362487687981,1.92288638898125,0.0335870480803738
"481",545000,5952117,NA,14.4199209749952,1.92931985492563,0.0200416793043524
"482",635000,5952117,NA,14.4560489586762,1.99341869347424,0.024922170218236
"483",725000,5952117,NA,14.4248289488168,2.17432436838621,0.0281583840509383
"484",815000,5952117,NA,14.4070680082649,2.23519471396558,0.0229418726023955
"485",905000,5952117,NA,14.3805418411829,2.14285779128764,0.0169963676452884
"486",995000,5952117,NA,14.3822164566068,1.87467073468855,0.0164545630039378
"487",1085000,5952117,NA,14.4212413730572,1.58253546366981,0.0196340993823095
"488",1175000,5952117,0.000460249799750641,14.6949779434598,1.68643110353984,0.0118040688006498
"489",1265000,5952117,0.0486123669662977,14.6821355214666,2.93149902535356,0.0125681913377593
"490",1355000,5952117,0.514328158768862,14.650895834937,3.3575239601504,0.0144180185022079
"491",1445000,5952117,0.929347466526857,14.7720820199344,2.12632747351124,0.00531325267245288
"492",1535000,5952117,1,NA,NA,NA
"493",1625000,5952117,1,NA,NA,NA
"494",1715000,5952117,1,NA,NA,NA
"495",1805000,5952117,1,NA,NA,NA
"496",-2155000,5804699.57142857,NA,14.1181435622739,2.08552425372287,0.209915468749734
"497",-2065000,5804699.57142857,NA,15.7242908232561,1.97281368114289,0.173188100658254
"498",-1975000,5804699.57142857,NA,16.0499059124683,1.98909277921449,0.18548994586982
"499",-1885000,5804699.57142857,NA,16.2871095466686,1.95001785514154,0.105687469650582
"500",-1795000,5804699.57142857,NA,16.7594901217058,1.75043796598213,0.126570399335469
"501",-1705000,5804699.57142857,NA,16.9552733841735,1.69646593833694,0.136541184611344
"502",-1615000,5804699.57142857,NA,16.7859530539997,1.73639207795901,0.0691293195354868
"503",-1525000,5804699.57142857,NA,16.4574692423512,1.75278100445314,0.0619483533280071
"504",-1435000,5804699.57142857,NA,16.1547552897936,1.73805475820014,0.0615185787987123
"505",-1345000,5804699.57142857,NA,15.855306608875,1.74319312548161,0.0768320783768173
"506",-1255000,5804699.57142857,NA,15.5756947387592,1.71118648440154,0.066948721197079
"507",-1165000,5804699.57142857,NA,15.419911454551,1.62767530318987,0.0871564172833466
"508",-1075000,5804699.57142857,NA,15.3439088782216,1.62961711509208,0.0867468930927117
"509",-985000,5804699.57142857,NA,15.2992963790803,1.64724138602413,0.125269672862113
"510",-895000,5804699.57142857,NA,15.2824314585222,1.59989310586215,0.145930433783343
"511",-805000,5804699.57142857,NA,15.3013395876308,1.54635281265439,0.114131411361428
"512",-715000,5804699.57142857,NA,15.1997636739455,1.54174165063767,0.0978995082351532
"513",-625000,5804699.57142857,NA,15.1088344235831,1.4756469004417,0.118830629362357
"514",-535000,5804699.57142857,NA,15.0764454211142,1.48969376086026,0.123810711607251
"515",-445000,5804699.57142857,NA,15.0312771862367,1.60013727401969,0.112843949926527
"516",-355000,5804699.57142857,NA,14.9560176224673,1.66176527373512,0.0836571632240615
"517",-265000,5804699.57142857,NA,14.8873734319813,1.69337038345481,0.071407689346964
"518",-175000,5804699.57142857,NA,14.9530637166221,1.77341745795876,0.0634933287181473
"519",-85000,5804699.57142857,NA,15.046395913785,1.81614290164456,0.0888781494741379
"520",5000,5804699.57142857,NA,15.0110079823807,1.86430592849483,0.0606399340004722
"521",95000,5804699.57142857,NA,14.9296487369327,1.88858519766005,0.0450302379008805
"522",185000,5804699.57142857,NA,14.9042679107509,1.92478128485821,0.0542386131350303
"523",275000,5804699.57142857,NA,14.8946658301403,1.90957765250055,0.0316143875701902
"524",365000,5804699.57142857,NA,14.8549804983465,1.87999722233201,0.0414395707540212
"525",455000,5804699.57142857,NA,14.829220306868,1.85560839977366,0.0421826538774263
"526",545000,5804699.57142857,NA,14.8560068027116,1.85021107413237,0.0536800803318629
"527",635000,5804699.57142857,NA,14.9103546654855,1.88471838037033,0.0394376297249472
"528",725000,5804699.57142857,NA,14.9441903101416,1.90896664641518,0.0360257807787544
"529",815000,5804699.57142857,NA,15.0275018900477,1.88999555519753,0.0232028176689736
"530",905000,5804699.57142857,NA,15.092586080045,1.85019764852049,0.0290357703363084
"531",995000,5804699.57142857,NA,15.1890984901985,1.76124907942889,0.0273200256023344
"532",1085000,5804699.57142857,NA,15.4100585130935,1.62499631108423,0.0336607574140116
"533",1175000,5804699.57142857,NA,15.6498321002546,1.37639266516668,0.0266014527641384
"534",1265000,5804699.57142857,NA,15.9641623497544,1.33836280923361,0.0240252694236797
"535",1355000,5804699.57142857,NA,16.0566102041227,1.31286055586981,0.014474494653783
"536",1445000,5804699.57142857,0.453298308367647,15.6895152102617,2.70367750828239,0.0236640729891368
"537",1535000,5804699.57142857,0.998169808936343,15.399285,4.367499,NA
"538",1625000,5804699.57142857,1,NA,NA,NA
"539",1715000,5804699.57142857,1,NA,NA,NA
"540",1805000,5804699.57142857,1,NA,NA,NA
"541",-2155000,5657282.14285714,NA,18.2241816495895,1.89410000221556,0.267820207520237
"542",-2065000,5657282.14285714,NA,19.0293134506635,1.88358407988332,0.391317742887309
"543",-1975000,5657282.14285714,NA,18.9502550786835,1.78531668238966,0.444705908044809
"544",-1885000,5657282.14285714,NA,18.6174591108825,1.75683093617188,0.501317230492001
"545",-1795000,5657282.14285714,NA,18.1169583171359,1.71355224464925,0.391047262550211
"546",-1705000,5657282.14285714,NA,17.7062775989385,1.64337420567435,0.265414817007185
"547",-1615000,5657282.14285714,NA,17.4737327342449,1.62816332657281,0.135894750746912
"548",-1525000,5657282.14285714,NA,17.1130084879971,1.62018451860778,0.083740818387183
"549",-1435000,5657282.14285714,NA,16.7723036234274,1.59214753544332,0.0876975545696881
"550",-1345000,5657282.14285714,NA,16.6264400118597,1.5575802876911,0.111988287387865
"551",-1255000,5657282.14285714,NA,16.5353109208767,1.54920848473205,0.083916972179616
"552",-1165000,5657282.14285714,NA,16.3882388353408,1.51710298946817,0.0920166919218625
"553",-1075000,5657282.14285714,NA,16.2390111644813,1.50853606781469,0.0809041413140662
"554",-985000,5657282.14285714,NA,16.1687519797034,1.47606397525006,0.0733072194836005
"555",-895000,5657282.14285714,NA,16.1339364411501,1.4017603804576,0.0644117630681532
"556",-805000,5657282.14285714,NA,16.0901082626501,1.38917085276844,0.0851020755218156
"557",-715000,5657282.14285714,NA,15.9923495541839,1.39486892250345,0.0713047779633149
"558",-625000,5657282.14285714,NA,15.8688387472294,1.41049312424035,0.076292583923026
"559",-535000,5657282.14285714,NA,15.7704989527265,1.47445246031894,0.0420522179392721
"560",-445000,5657282.14285714,NA,15.7197051222324,1.5392511656618,0.0441598357822889
"561",-355000,5657282.14285714,NA,15.6937233221934,1.57054355563565,0.0582138174576297
"562",-265000,5657282.14285714,NA,15.6092004241309,1.65289739830677,0.0875981929629972
"563",-175000,5657282.14285714,NA,15.5864484446681,1.76263409986156,0.0899004874924536
"564",-85000,5657282.14285714,NA,15.5642708639326,1.82624414698582,0.0564931660602736
"565",5000,5657282.14285714,NA,15.5118204469199,1.88038462164874,0.074249691614032
"566",95000,5657282.14285714,NA,15.4444616594561,1.91333508873394,0.0335481779268873
"567",185000,5657282.14285714,NA,15.4144160324705,1.9221596678953,0.0341730734723551
"568",275000,5657282.14285714,NA,15.3637057682638,1.88714696973251,0.0312427369529509
"569",365000,5657282.14285714,NA,15.3330311210487,1.82118659536696,0.0291793787523289
"570",455000,5657282.14285714,NA,15.325045336307,1.77099504539798,0.0224678840544574
"571",545000,5657282.14285714,NA,15.3398035401757,1.70043674462053,0.0183631856721926
"572",635000,5657282.14285714,NA,15.3674666886594,1.63437476211073,0.0202617031522762
"573",725000,5657282.14285714,NA,15.3846481542284,1.57857706061268,0.0256914747102255
"574",815000,5657282.14285714,NA,15.4521831347122,1.42343815020368,0.0190596365121314
"575",905000,5657282.14285714,NA,15.5434787022677,1.39033337629015,0.0222475741724975
"576",995000,5657282.14285714,NA,15.7135661582224,1.38114338915617,0.0235829500932662
"577",1085000,5657282.14285714,NA,15.9470379111571,1.28151354581993,0.0180072169255578
"578",1175000,5657282.14285714,NA,16.1985654112292,1.24912225440567,0.0234230065986981
"579",1265000,5657282.14285714,NA,16.447295475039,1.20372513161487,0.0251959570123439
"580",1355000,5657282.14285714,NA,16.6263731010975,1.23893463569357,0.0245897014803074
"581",1445000,5657282.14285714,0.0199817167244238,16.5783536256516,1.54027701347542,0.0301387836030074
"582",1535000,5657282.14285714,1,NA,NA,NA
"583",1625000,5657282.14285714,0.00553820924710686,NA,NA,NA
"584",1715000,5657282.14285714,0.00384129016118351,NA,NA,NA
"585",1805000,5657282.14285714,0.0216025617547847,16.6567915342599,1.45116746963771,0.0215435145783926
"586",-2155000,5509864.71428571,NA,19.5860465908245,1.74909059618153,0.172746422547486
"587",-2065000,5509864.71428571,NA,19.6469534584329,1.72055704933874,0.298261000952592
"588",-1975000,5509864.71428571,NA,19.4886944492201,1.57476805493569,0.15225081651015
"589",-1885000,5509864.71428571,NA,19.2770321133263,1.52031885565269,0.150143370853631
"590",-1795000,5509864.71428571,NA,18.9305196517997,1.58713492496749,0.200184455659241
"591",-1705000,5509864.71428571,NA,18.5277582891654,1.63083067345074,0.232467419736109
"592",-1615000,5509864.71428571,NA,18.2771016183985,1.61737953772682,0.188537472924857
"593",-1525000,5509864.71428571,NA,17.9736128964373,1.60393779945138,0.110775937317615
"594",-1435000,5509864.71428571,NA,17.7573237613022,1.5717023423528,0.0732099876172691
"595",-1345000,5509864.71428571,NA,17.6092147549025,1.5469773102395,0.067787367545834
"596",-1255000,5509864.71428571,NA,17.4485651379703,1.45085914013792,0.0968261316304608
"597",-1165000,5509864.71428571,NA,17.294784496652,1.37745825330567,0.115128983971727
"598",-1075000,5509864.71428571,NA,17.1086863890746,1.38994603443635,0.104276761147961
"599",-985000,5509864.71428571,NA,17.0535817737027,1.37576920692754,0.0683427574493194
"600",-895000,5509864.71428571,NA,16.9491137911031,1.31869002242605,0.0422773440415824
"601",-805000,5509864.71428571,NA,16.7933816241195,1.28000931792358,0.0789139781883054
"602",-715000,5509864.71428571,NA,16.647942608218,1.31227569872594,0.0760247677939749
"603",-625000,5509864.71428571,NA,16.4956913381105,1.37835750549187,0.0537827044448459
"604",-535000,5509864.71428571,NA,16.4249037288957,1.42860374929498,0.0638488142677308
"605",-445000,5509864.71428571,NA,16.395676374712,1.48669063705023,0.0326265511988667
"606",-355000,5509864.71428571,NA,16.3410939028723,1.54388203280315,0.0290048130793309
"607",-265000,5509864.71428571,NA,16.2137553999967,1.63256801498032,0.0163811497484232
"608",-175000,5509864.71428571,NA,16.0917847454534,1.75976811297879,0.0386618700615721
"609",-85000,5509864.71428571,NA,16.0224901142419,1.84467082748848,0.0288133612527952
"610",5000,5509864.71428571,NA,15.9745179962574,1.88143489737112,0.0256836636722624
"611",95000,5509864.71428571,NA,15.9342498892557,1.85942447497961,0.0335787252430861
"612",185000,5509864.71428571,NA,15.8968144585382,1.77373747351481,0.0382457100643344
"613",275000,5509864.71428571,NA,15.8535403621493,1.70633159333443,0.0277131579217877
"614",365000,5509864.71428571,NA,15.8360141776495,1.67966492870646,0.0248139885237057
"615",455000,5509864.71428571,NA,15.8303592404319,1.57039568017102,0.0299429486163068
"616",545000,5509864.71428571,NA,15.8483898052085,1.34912581815588,0.0167546187829484
"617",635000,5509864.71428571,NA,15.8136071078248,1.11613005097972,0.0220727624910647
"618",725000,5509864.71428571,NA,15.724837612178,1.08547104986438,0.0256651842946077
"619",815000,5509864.71428571,NA,15.5927570741365,1.30639191749082,0.0221518162842618
"620",905000,5509864.71428571,0.28766840810898,15.4212680509066,1.79553604961117,0.0208403423077266
"621",995000,5509864.71428571,0.643929814599833,15.7618981639816,2.07146800558132,0.0302249902182947
"622",1085000,5509864.71428571,0.699271887387502,15.9382869653983,1.77474376885993,0.0381985226503898
"623",1175000,5509864.71428571,0.763734409205391,16.2194121851761,1.73194971938821,0.0361542394120211
"624",1265000,5509864.71428571,0.835986812360223,16.4048141784703,1.52860133836618,0.0337713936727933
"625",1355000,5509864.71428571,0.946990714292308,16.55242119116,1.57802007767532,0.0180269119373653
"626",1445000,5509864.71428571,0.981230675705677,16.70642255293,1.67397574274657,0.0229747751320906
"627",1535000,5509864.71428571,0.868817741485428,NA,NA,NA
"628",1625000,5509864.71428571,0.880232795471335,NA,NA,NA
"629",1715000,5509864.71428571,0.0290845541214871,NA,NA,NA
"630",1805000,5509864.71428571,0.819119242817721,18.6585489453083,1.38451630605972,0.0433205037116147
